"Cluster0","Cluster1","Cluster2","Cluster3","Cluster4","Cluster5","Cluster6","Cluster7"
"GSN","S100A10","MMP3","CHI3L2","PLA2G2A","ACTA2","ENSG00000006075","IGF2"
"ABI3BP","COL1A1","SERPINE2","ID3","CXCL12","RGS5","ENSG00000129277","VWF"
"VCAN","TMSB4X","SOD2","ID1","CFD","TAGLN","CXCL8","SELE"
"CCN2","CRIP1","INHBA","SCRG1","SFRP2","MYL9","CXCL3","PLVAP"
"PCOLCE2","TPPP3","AKR1C2","ANGPTL7","SFRP1","NOTCH3","HLA-DRA","ACKR1"
"ENSG00000179094","LGALS1","LIF","ID2","IGFBP4","ENSG00000076706","CD74","STC1"
"RHOB","TGFBI","COL2A1","C2orf40","EFEMP1","COL18A1","CXCL1","BCAM"
"TNXB","SH3BGRL3","AKR1B1","CDO1","SERPINF1","MYH11","IL1B","EGFL7"
"MYOC","SLN","NOS2","MT1X","COL14A1","A2M","HLA-DRB1","PODXL"
"TSC22D3","COL6A3","AKR1C1","CRYAB","PLAC9","NR2F2","TYROBP","A2M"
"FBLN1","NBL1","SDC4","NPC2","MMP2","CALD1","ENSG00000205021","CD74"
"LTBP4","DPT","FGF2","ACAN","SCARA5","ITGA7","RNASE1","THBD"
"FBLN2","MIF","SLC7A2","ENSG00000177410","PODN","MYLK","SPP1","SLC9A3R2"
"FOSB","S100A4","C11orf96","RPL9","TMSB10","PPP1R14A","C1QA","CD93"
"NR4A1","DKK3","TNFAIP6","ENSG00000229807","CST3","SPARCL1","TNF","ENSG00000267107"
"JUN","SERF2","FN1","RPS6","CCN5","LGI4","HLA-DPB1","ITGA6"
"TGFBR3","S100A6","PDE4B","EIF3E","C3","SYNPO2","HLA-DPA1","IFI27"
"KLF2","OST4","TNC","RPS27A","FTH1","TINAGL1","ENSG00000256515","RAMP2"
"PLPP3","ASPN","SLC39A14","RPL10","C1R","CNN1","FCER1G","ITGB4"
"CFD","CD99","WTAP","RPL24","CXCL14","PPP1R12B","RGS1","TIE1"
"EZR","FN1","CHI3L2","RPS3A","TMEM176A","BCAM","FTL","HLA-DRB1"
"ZFP36L2","COL1A2","CITED4","RPL13","B2M","RERGL","LAPTM5","SOX18"
"HEXIM1","ATP5F1E","SOX9","RPL7","CYP1B1","IGFBP7","SRGN","SPARCL1"
"HSPA1A","NDUFA4L2","SERPINA1","RPL22","SPARCL1","LMOD1","C1QC","MMRN2"
"GPX3","HTRA1","MYO10","RPS15A","FTL","ADGRF5","LGMN","EMCN"
"SRRM2","GAPDH","CHI3L1","RPL19","TMEM176B","PDE5A","C1QB","PLAT"
"CPAMD8","CST3","LOX","RPL12","FBLN2","ABCC9","GPR183","EFNA1"
"HNRNPH1","SPARC","ICAM1","RPS16","GGT5","MRVI1","AIF1","CLDN5"
"MT1A","ACTB","VEGFA","RPS12","SFRP4","NEURL1B","MARCO","RNASE1"
"CCNL1","COL6A2","DGKI","RPL18A","SRPX","CD36","HLA-DQB1","CDH5"
"SRSF3","RPL10","BMP2","TOMM7","SELENOP","PARM1","HLA-DQA1","ECSCR"
"GADD45B","RPL27A","TIAM2","RPL37","MFAP5","TBX2","CD83","SLCO2A1"
"AHNAK","POSTN","COL3A1","NDUFA4L2","C1S","COX4I2","CXCL5","ADCY4"
"SCARA3","LRRC15","BTG1","RPL5","RPL13A","CHN1","CTSS","ADGRF5"
"SERPING1","S100A11","HMOX1","RPL26","EPHX1","PLN","STAB1","SYNE2"
"MCL1","CD63","ACKR3","RPL32","TMSB4X","ACTG2","FOLR2","ADGRL4"
"DUSP1","RPS4X","PTGS2","RPLP2","RPL11","GJA4","PLEK","SHANK3"
"TIMP3","RPL28","XBP1","RPL21","RPS18","RCAN2","HLA-DMA","CD34"
"HNRNPDL","MXRA5","SQSTM1","RPS4X","RPL37","EDNRA","PMAIP1","CALCRL"
"MT-ND4","VKORC1","FMOD","RPL29","ABCA8","KCNJ8","MS4A6A","PTPRB"
"MT-ATP6","TMSB10","TSC22D1","RPL23A","CD248","SCN4B","HLA-DQA2","RAPGEF3"
"JUND","AEBP1","MTHFD2","RPS25","IGF1","HES4","LYZ","GATA2"
"BRD2","PPIB","COL15A1","RPL34","PDGFD","CPE","MSR1","RAMP3"
"MT-ND5","RPS19","C2CD4B","RPL13A","RPS9","GUCY1B1","ALOX5AP","SOX7"
"JUNB","COL5A1","MIA","RPS7","RPS27","TPM2","FCGR2A","ITM2A"
"MT-CYB","RPS10","TXNRD1","RPL35A","RPL13","MT-CO3","HCST","B2M"
"CD81","MMP2","CHAC1","RPL15","RPS15A","MT-CO1","SPI1","SPRY1"
"CILP","PFN1","SLC7A5","RPS9","RPS23","LAMA5","RBM47","S1PR1"
"FOS","ANGPTL2","COMP","RPL36","RPS12","COL4A2","BCL2A1","PDE2A"
"ZFP36L1","CTHRC1","RGCC","RPS24","CCDC80","MT-CO2","LYVE1","CLEC14A"
"MT-CO3","COL5A2","SLC25A37","RPS8","RPL35A","COL4A1","VAMP8","APLNR"
"MT-ND1","SPON2","NINJ1","FAU","BASP1","APOE","MMP9","GIMAP6"
"PRG4","RPL17","CDON","RPS23","RPS15","ADRA2A","CD163","TSPAN7"
"CLU","PRSS23","SLC7A11","RPLP1","IFI27","GUCY1A1","LCP1","ADAMTS9"
"TIMP2","RPL14","RCAN1","RPL30","TMEM119","MT-ND1","IL1RN","ESAM"
"KLF4","RPL19","PMEPA1","RPS18","GPNMB","FLNA","CYBB","GIMAP5"
"MT-ND2","RPS14","NFKBIZ","RPL37A","EBF1","MT-ND4","ITGB2","RASIP1"
"MT-CO2","COL6A1","HTRA1","RPS27","TSHZ2","MT-ATP6","VSIG4","GIMAP7"
"DCN","CRTAC1","PXYLP1","RPL41","RPS4X","TPM1","CSF1R","FLT1"
"IER2","CERCAM","CX3CL1","FTL","RPL12","CCL8","ENSG00000197262","DIPK2B"
"MT-CO1","RPL29","HAPLN1","NFKBIA","RPL32","EFHD1","DUSP2","ENSG00000076706"
"MT1X","RPS7","KLHL21","RPL18","RPL26","IGFBP2","IRF8","JAG2"
"ENSG00000128016","ITGB1","BGN","RPL11","RPS10","ARHGEF17","HLA-DMB","SEMA3G"
"S100A1","POLR2L","NFATC2","CHAD","MGST1","ACTB","LST1","C1orf115"
"HSP90AB1","THY1","TNFRSF11B","EEF1D","RPL34","STEAP4","C5AR1","ARHGEF15"
"BCL6","STMP1","UGDH","RPL35","LGALS3BP","OLFML2A","IL1A","PRKCH"
"CEBPD","C4orf48","GARS","ADM","SERF2","ARHGDIB","CD53","TM4SF18"
"TSPYL2","PPIC","SLC3A2","LOX","PLTP","MT-CYB","ITGAM","ENTPD1"
"CCNL2","C12orf75","PGK1","RPS5","RPL10","AOC3","C15orf48","GIMAP1"
"HSPA1B","LOXL1","ACAN","ASPN","RPLP1","ADAMTS1","ENSG00000006074","CAVIN2"
"SPARCL1","GUK1","PLOD2","NRN1","RPS28","MT1A","LILRB5","MYCT1"
"RPS11","MMP14","PTGES","GABARAPL2","LAMB1","NRARP","F13A1","EDNRB"
"RASD1","UQCR11","ATP1B1","RPL7A","MFAP4","MYL6","LCP2","KDR"
"MT-ND4L","TAGLN2","SCRG1","LUM","CFH","LPP","MS4A7","CYYR1"
"FUS","LOXL2","TGFBI","RPL39","RPL27A","EBF2","ACP5","TMEM273"
"PSAP","BASP1","BIRC2","SAP18","RPL29","SEMA5A","CXCR4","RAPGEF4"
"UBC","ELOB","ASNS","RPL3","S100A6","ACTN4","FCGR2B","MAPK11"
"LMNA","AQP1","GPRC5A","H3F3B","RPL35","PRKG1","SNX10","KANK3"
"DDX3Y","TPM4","RAPH1","RPS14","VCAN","ESAM","CD37","GIMAP4"
"MT-ND3","FSTL1","LARP6","RPS3","RPL39","NES","FPR3","IL3RA"
"IER3","RPL6","PNRC1","CP","RPS27A","CYFIP2","EMB","SOX17"
"NXF1","MICOS10","PAPSS2","RPS13","RPL38","FILIP1L","CLEC7A","EDN1"
"NFIA","RPS27L","CSPG4","RPL31","RPL14","ITGA3","ARRB2","SEMA3F"
"NNMT","ANXA2","ARNTL","RPS19","RPL10A","RBPMS","FCGR3A","DLL4"
"EGR1","TMA7","GCLM","RPS15","RPL19","MYH9","SLCO2B1","FAM107A"
"SNRNP70","CAVIN3","PPP1R14C","RPS20","MT-ND3","ZFP36L1","MPEG1","HSPA12B"
"CEBPB","ENSG00000125726","SMOC1","PTMA","RPL28","ATF3","IL10RA","TEK"
"SLPI","UQCRQ","COL8A1","PFDN5","TSPAN11","CYP26B1","ENSG00000205020","ENSG00000213494"
"SOCS3","TIMP1","CEBPG","RPL8","RPL31","MT-ND2","HPGDS","IL33"
"PKD1","IGFBP5","TM4SF1","GADD45B","RPS24","CAVIN1","PTPRC","MCF2L"
"NDRG2","C1QTNF3","RNF144B","SSR3","ITM2A","C11orf96","MS4A4A","MCTP1"
"MYO15B","ARL4C","USP12","DCN","RPL17","GGT5","GMFG","ROBO4"
"HAS1","AKR7A2","TIFA","RPL38","RPS16","SPEG","NCF1","CRHBP"
"IL16","IFI27","CYLD","SNAI1","FYN","MAP3K20","PIK3R5","GIMAP8"
"LDLR","FAP","TNFRSF10B","TMEM59","RAMP2","MT-ND3","IQGAP2","FAM110D"
"PDK4","CTSB","COLGALT2","DLX5","APOE","ENSG00000128016","CD84","CCM2L"
"LMO2","HCFC1R1","GBE1","SELENOM","HAS2","EPAS1","C3AR1","CCDC69"
"COL6A1","ARF5","HERPUD1","SERTAD1","TAGLN","STOM","CCR1","SEMA6A"
"DHCR24","IFI27L2","TNFRSF12A","RGS16","CALD1","HSPA1A","NLRP3","SYT1"
"RSRP1","CCDC80","PFKP","FRZB","RPS3A","BST2","FERMT3","ENSG00000183018"
"CDKN1A","FAM114A1","PGAM1","COMMD6","C1QTNF4","PDLIM1","GATM","ATP2A3"
"SRSF5","ADAM12","RNF19B","CKS2","IFITM1","LGALS3BP","CPVL","GNG11"
"HES1","CADM1","NFKB1","RPL6","SERPING1","MAP1B","NCF2","F2R"
"IER5L","ATOX1","RFLNB","C12orf57","FGL2","JAG1","ITGAX","PLXND1"
"POLG2","CRABP2","FNDC3B","RPL14","PHLDB2","HSPB1","MNDA","HLA-B"
"ENSG00000117289","PRDX4","CLIC4","H2AFX","RPL24","CCL2","PIK3AP1","F11R"
"ATF3","CLEC11A","SIPA1L2","UBA52","ID3","ISYNA1","GNA15","GPRC5B"
"LENG8","ANAPC11","MIF","TMEM45A","RPL27","CXCL12","FMNL1","ACVRL1"
"SMAD3","CAPZB","SLC38A1","BTF3","MYC","PTMA","LILRB4","CTSH"
"MT1E","HSD3B7","PHGDH","GAPDH","SPRY1","ARHGEF25","HAVCR2","EFNB2"
"ENSG00000214548","CAPS","SHMT2","SUMO2","CCL2","SOCS3","RNASE6","HLA-DRA"
"PPP1R10","PHPT1","PHC2","RPL27","IL6","DSTN","SIGLEC1","HLA-E"
"YBX3","DYNLL1","ARSJ","SOD1","PRSS23","MEF2C","DOK2","CD200"
"C1S","SSC5D","ENPP1","EEF1B2","CCN3","ADIRF","CYTH4","NOTCH4"
"GADD45G","COL14A1","IGFBP3","TNC","KCNE4","CRIM1","KYNU","NES"
"ISLR","NOP10","PDLIM4","NACA","RPS7","LDLR","GPSM3","APOLD1"
"MT1M","HIGD2A","FNIP2","RPS2","PCOLCE","SMARCD3","CLEC5A","BCL6B"
"SOD3","ITGB5","FOSL1","SMOC2","COL6A3","B2M","STXBP2","MRTFB"
"LAG3","C4orf3","ABHD2","RPL10A","OLFML3","PALLD","NCF4","NRARP"
"COL16A1","CUTA","CHMP4B","UQCRB","MYL9","APOLD1","FTH1","JAM2"
"PHLDB1","RHOC","SLC25A28","PRDX4","TFPI","JUN","TAGAP","PTK2B"
"CYBRD1","CAPG","CD55","SEC11A","RPL5","ADAMTS4","CTSZ","LDB2"
"ITGA10","OSTC","COL5A1","NPM1","HSPA1A","COL5A3","RASGRP3","ECE1"
"ACAP3","ATP5ME","ABI1","CILP2","AHR","CSRP1","CD14","ADGRL2"
"PRELP","TRAPPC1","GLS","SOD3","AKAP12","NR4A1","CCRL2","ERG"
"HNRNPL","PPDPF","NUPR1","NR4A2","ZFP36L1","PGM5","EMILIN2","IFI44L"
"TUBB4B","MGST3","CXCL2","PRELP","ENSG00000166147","PGF","LPXN","DLL1"
"RPS4Y1","PDLIM3","BIRC3","CD9","IFITM3","HLA-B","IL10","ENSG00000237697"
"MXRA8","ATP5MF","COL11A1","ARL6IP1","ANGPTL1","TFPI","LTC4S","ARHGEF3"
"IER5","AK1","PIM3","CLEC3A","IGFBP7","KANK2","CD68","ADAM15"
"TRIM28","UBL5","MELTF","FAM162A","RACK1","CLMN","VMO1","SH2D3C"
"ENSG00000267519","NDUFB7","NRP2","TUBB2A","CD63","TNS1","ST3GAL6","HDAC7"
"LTBP3","CEMIP","BZW1","PPP1R15A","ARC","ZEB2","FABP5","PDGFB"
"HLA-E","PLTP","RETREG1","ADIRF","HSP90AA1","IGFBP5","SELENOP","PDLIM1"
"ADAMTS1","GSTP1","SUSD6","SEC61G","CELF2","VCL","CXCL16","SEMA6B"
"CCDC3","SEC61G","DDIT4L","CCNI","CXCL3","KCNE4","TMSB10","ETS2"
"FKBP5","ARPC3","SERTAD2","FBXO2","KCTD12","SLC2A3","PDGFB","AGRN"
"DNAJB1","CRLF1","SLC2A1","JUNB","FOS","PHLDB2","CXCL2","ARAP3"
"MFGE8","DYNLT1","SERPINE1","GEM","RPL36A","KLF6","MT-CO1","MAGI1"
"PGGHG","TREM1","COL13A1","COL12A1","HMCN1","EBF1","TMSB4X","PEAR1"
"NFIB","RAB31","MAST4","H2AFZ","SOCS3","GJC1","DAPK1","NOTCH1"
"DDX5","NDUFB2","MAPKAPK2","TIMP4","LAMA4","INPP5A","TLR2","ICA1"
"KLF9","CLEC3B","LUM","PHLDA2","IFI16","PDGFA","ARHGAP18","CNKSR3"
"COMP","DBI","B3GNT7","DDIT3","GEM","PDGFRB","ENSG00000234883","KCNN3"
"SRSF2","C9orf16","ANGPTL4","COL3A1","MDK","MYC","PLAU","TMSB10"
"CELF2","ALDOA","CILP2","MGP","S100A11","MPRIP","TNFAIP3","HECW2"
"IGFBP6","SERPINH1","RAB1A","OGN","S100A13","ANO1","B2M","PLCB1"
"LHFPL6","COX4I1","SLC15A4","CHI3L1","CD99","AGRN","CD93","TNFAIP8L1"
"SFPQ","COX7A1","H2AFZ",NA,"PLAU","AKAP12","LPAR6","LIMS2"
"ABLIM1","COX5B","HIVEP2",NA,"FILIP1L","CAV1","CSTB","MX1"
"PLXDC1","PSMA7","QSOX1",NA,"FSTL1","ENAH","CTSB","GASK1B"
"CCN1","TCEAL9","DENND5A",NA,"UBB","HSP90AB1","CD4","HLA-A"
"NTRK2","ZNHIT1","PPP4R4",NA,"MAP1B","SORBS2","GPX1","SHE"
"ANGPTL5","PXDN","P4HA1",NA,"ENSG00000155130","ITGB1","ADA2","LPAR6"
"IVNS1ABP","ANGPTL1","RASSF8",NA,"COLEC12","EPHA2","HCLS1","TINAGL1"
"KLF10","KRTCAP2","VCAM1",NA,"H3F3A","C1QTNF1","TMEM176B","MT-CO2"
"SPTAN1","SEC61B","DNAJB9",NA,"CXCL2","IL6","EPB41L3","ENG"
"FRZB","COPS9","HSPA5",NA,"TXN","FOS","OTULINL","FGD5"
"DDX17","RABAC1","TSPAN2",NA,"ENSG00000128016","ARHGEF7","ARHGAP4","SH3BGRL2"
"SCARA5","CFL1","P3H2",NA,"THY1","NID1","MPP1","OLFML2A"
"GFPT2","LAMTOR2","FGFBP2",NA,"HES1","ID4","LGALS9","SLC44A2"
"SLC20A1","KDELR3","CCL20",NA,"GPX4","MSRB3","TRAF1","ENSG00000117289"
"CFH","TIMM8B","KCNMA1",NA,"CYGB","IER5L","FGR","LMCD1"
"IL17D","VAMP5","RUBCNL",NA,"MEDAG","FOSB","S100A11","FAM84B"
"SERTAD4","CIB1","CRLF1",NA,"DNAJB1","SNCG","RASSF2","MGST2"
"TNFRSF11B","DAD1","COL8A2",NA,"HSPA1B","ITGA1","RASGEF1B","NPDC1"
"EMP1","FNDC1","NGF",NA,"ADD3","NDRG2","CCL2","MT-ND1"
"NOP2","NDUFB4","CMIP",NA,"PTGER4","CHCHD10","SLC15A3","COL18A1"
"INTS11","ATP5F1D","OAF",NA,"MSC","GADD45B","MT-CO2","DOCK4"
"CYP1B1","PLP2","SYNPO",NA,"ENSG00000177410","HSPA1B","CFLAR","GMFG"
"PER2","BOLA3","HIF1A",NA,"PDGFRL","TIMP3","SAT1","ARHGDIB"
"PIK3R1","RGS3","RELB",NA,"FXYD1","JUNB","SMAP2","MFSD6"
"RBM5","BLOC1S1","KLF5",NA,"SNED1","LRRC32","PLAUR","GRASP"
"CKB","PDLIM2","PTGER2",NA,"SCPEP1","CALM2","MBP","CASKIN2"
"TNK2","PLOD1","CBR3",NA,"SOX4","EOGT","BST2","MAP3K11"
"CIRBP","ATP5PF","COL5A2",NA,"NRP1","ZYX","AHR","CEMIP2"
"JMJD6","SELENOW","AEBP1",NA,"PLPP3","MIDN","B3GNT5","SLC2A3"
"SH3GLB2","YIF1A","SASH1",NA,"PLSCR4","LMNA","CYBA","EPHA4"
"CDK5RAP3","PDPN","METRNL",NA,"ARID5B","MICAL1","HSPA6","FLNC"
"SRSF7","SULF1","GCH1",NA,"TWIST1","SYTL2","ARHGDIB","TSPAN14"
"JADE2","CHCHD2","PGM2L1",NA,"CDH11","PLXND1","ETS2","NPR1"
"ENSG00000260032","BANF1","RSL24D1",NA,"BTF3","EHD2","PLIN2","KLF2"
"WSB1","DNAJC15","LOXL3",NA,"CRABP2","THBD","KLF6","CAV1"
"SLC38A2","ATP6V0E1","ENSG00000245532",NA,"ZNF106","ETS2","OTUD1","FAM241A"
"RBM6","RAB13","ERRFI1",NA,"SLIT3","FRY","ARL4C","NUAK1"
"CYB5D1","PCOLCE","SPARC",NA,"THBS2","HES1","TNFAIP8","MAP3K1"
"BTG2","MDK","COL27A1",NA,"EEA1","RPS11","AMPD3","RASGRP3"
"MAN2C1","CCND1","SELENOM",NA,"CAMK2N1","FADS3","ALCAM","ITPRID2"
"SPTBN1","ISLR","ANGPTL2",NA,"SYCE1L","CDKN1A","ATP5F1E","MT-CO1"
"EHBP1L1","RBX1","FBXO30",NA,"IFITM2","PPP1R12A","CDC42EP3","EPAS1"
"MIDN","CD151","FNDC1",NA,"CLEC3B","ECE1","SH2B3","HLA-C"
"LAMB2","TSPAN2","BDKRB1",NA,"BICC1","ADCY3","THBD","DOCK6"
"CHAD","NDUFA11","KDM7A",NA,"DDAH2","IFI16","PFN1","RHOJ"
"METTL7A","COX6C","SLC16A3",NA,"XG","PDLIM7","DUSP6","BST2"
"DNM1","SDC2","NCOA7",NA,"TMA7","GPRC5C","LYN","CRIP2"
"ANK3","COX7A2","BPGM",NA,"COX4I1","UTRN","CTSD","MEF2C"
"SFRP4","NDUFA4","PAPPA",NA,"HSPE1","SLC25A25","KCNAB2","TCF4"
"PACS2","COX6B1","PDPN",NA,"CRISPLD1","AMOTL2","FGL2","MT-ND2"
"GIGYF1","NDUFS5","SAT1",NA,"THBS4","ZNF703","PRDM1","BCR"
"IFRD1","SUMO2","RGS2",NA,"PDGFRA","MT-ND5","FAM49B","LAMA5"
"WWP2","IFI6","OGN",NA,"CPQ","ADGRA2","RIN3","BTN3A3"
"BHLHE40","MRPL41","GAS1",NA,"HIGD2A","IFITM3","RNASET2","EEF1A1"
"TSKU","SMOC1","CSF1",NA,"CXCL1","BRD2","TNFRSF1B","PXN"
"FAM180B","OGN","IER3",NA,"PRRX1","JUND","ZC3H12C","DAAM1"
"CYGB","ENSG00000166147","MT2A",NA,"ZNF703","RPL23","MMP19","HLA-F"
"STARD9","AP2S1",NA,NA,"ENAH","NR4A3","MT-CO3","RALGDS"
"ADRB2","GPX4",NA,NA,"CTSK","CYGB","MT-ND3","FILIP1"
"PDGFRB","NEDD8",NA,NA,"FCGRT","WTIP","ACTB","RPS28"
"CYB5R3","ATP5MC3",NA,NA,"CTHRC1","SLIT3","OAZ1","ARHGAP27"
"HNRNPH3","ENSG00000229807",NA,NA,"TNFAIP2","C20orf27","CTSH","NR2F2"
"TUBA1A","COX8A",NA,NA,"SSPN","ARHGAP1","AP1S2","FKBP1A"
"EBF1","NUCB2",NA,NA,"TUBB2B","THY1","SLC43A2","ADGRG1"
"WEE1","C1orf122",NA,NA,"OSR2","MT-ND4L","GPNMB","PGM5"
"DPYSL2","MYDGF",NA,NA,"NFIB","AKAP1","DAB2","MT-CO3"
"ZFAND5","MAP7D3",NA,NA,"SGCE","GNAS","REL","SOCS3"
"NR4A2","ATP5MD",NA,NA,"ISG15","TMSB10","ATP2B1","MT-ND4"
"TNS2","LAMTOR4",NA,NA,"LY6E","MYO1B","SGK1","ST6GAL1"
"SCAF1","NDUFA12",NA,NA,"IFI6","FXYD1","S100A6","DUSP6"
"SIK1","ADAMTS2",NA,NA,"C6orf48","KLF11","MT-ND2","IFITM3"
"SF3B1","PGAM1",NA,NA,"SPON2","RGS16","LY96","TSPAN9"
"GPSM1","TMEM258",NA,NA,"ISCU","HNRNPDL","EMP3","DAB2IP"
"TRIM29","MTLN",NA,NA,"NUCKS1","ARID5A","INSIG1","TM4SF1"
"MEF2D","POLR2I",NA,NA,"FHL1","HNRNPH1","GLRX","MYO15B"
"ENSG00000258486","NDUFB3",NA,NA,"RPL22L1","OLFML2B","GRN","ARL15"
"ENSG00000266402","ANTXR1",NA,NA,"PTGFRN","EGR1","STX11","ICAM2"
"ASXL1","CLIC1",NA,NA,"OLFML2B","AHR","TMEM176A","STOM"
"H1FX","SELENOH",NA,NA,"MMP14","DTX3","HLA-B","FABP5"
"IRF2BP2","DRAP1",NA,NA,"PLPP1","PABPC1","CREG1","DOCK9"
"ECE1","MYL12B",NA,NA,"LIMA1","TRIM28","CLEC2B","HSPG2"
"SKIL","TMEM147",NA,NA,"PPIB","LBH","MT-ND1","CLIC2"
"SLC19A2","TMED3",NA,NA,"ENSG00000255198","SORBS1","TXN","PCDH17"
"ETS2","SNX3",NA,NA,"IFI27L2","ENSG00000179094","ENSG00000271614","EPHA2"
"GALNT15","SPCS1",NA,NA,"SEPT11","FABP5","MFSD1","NBEAL2"
"MYC","ATRAID",NA,NA,"FRMD6","HSP90AA1","BID","PKP4"
"APOE","HSBP1",NA,NA,"CTSF","SEPT7","RALGDS","LMO2"
"TUFT1","GADD45GIP1",NA,NA,"SMOC2","TLE1","PLEKHO1","MT-CYB"
"PABPC1","DYNLRB1",NA,NA,"SVIL","SRF","NAMPT","GSN"
"SLC29A1","RRBP1",NA,NA,"ENSG00000269893","NPIPB11","FCGRT","HHEX"
"NUMA1","ATP5MC2",NA,NA,NA,"CCNL1","PSAP","SPTBN1"
"TACC1","MRPL51",NA,NA,NA,"ROCK2","SDCBP","HEY1"
"EIF4A1","GABARAPL2",NA,NA,NA,"SRRM2","UCP2","MIDN"
"NLRP1","COX6A1",NA,NA,NA,"PTK2","MT-CYB","FAM171A1"
"TCF4","C19orf53",NA,NA,NA,"ANXA6","PEPD","EBF3"
"BCAT1","RNF7",NA,NA,NA,"TBC1D1","PPIF","NEURL1B"
"KDM6B","NDUFA13",NA,NA,NA,"COL14A1","PLTP","XAF1"
"PCF11","S100A13",NA,NA,NA,"INAFM1","HNMT","FLNB"
"SRSF11","BRK1",NA,NA,NA,"TACC1","GLIPR1","PPM1F"
"INTS3","HINT1",NA,NA,NA,"EIF4A1","NSMAF","HIP1R"
"POLR2A","SNRPD2",NA,NA,NA,"DLC1","CALHM6","RND1"
"TRIP10","ATP5PD",NA,NA,NA,"TSPYL2","PELI1","SCARF1"
"ITGA5","GABARAP",NA,NA,NA,"SIK1","TPT1","MEOX1"
"NFIX","TMBIM4",NA,NA,NA,"FUS","ENSG00000229124","ARHGAP29"
"HNRNPA2B1","BEX3",NA,NA,NA,"ARHGAP10","ZEB2","HEG1"
"TENT4A","PRDX5",NA,NA,NA,"TNS2","P2RX4","IFIT1"
"NFATC4","C8orf59",NA,NA,NA,"EPHX1","ACSL1","LRRC32"
"SMARCD2","CTSK",NA,NA,NA,"EPS8","STK17B","ENPP2"
"PRRC2B","CCN5",NA,NA,NA,"THBS1","CTSL","GRB10"
"TOB2","POMP",NA,NA,NA,"SRSF3","TPM3","CRIM1"
"WDR74","SELENOS",NA,NA,NA,"PLAC9","DRAM1","PTMA"
"PNPLA2","NDUFC1",NA,NA,NA,"ST5","SERPINB9","MT-ATP6"
"HLF","THBS4",NA,NA,NA,"LAMA4","PTK2B","ELK3"
"POGZ","HIST1H4C",NA,NA,NA,"HNRNPL","CYTH1","TAP2"
"BBC3","PRG4",NA,NA,NA,"TNFAIP3","MT-ND4","NEDD9"
"PER3",NA,NA,NA,NA,"KLF9","DUSP5","MYH9"
"FOXO3",NA,NA,NA,NA,"LIMS2","ASAH1","PRCP"
"TNRC6C",NA,NA,NA,NA,"POLG2","EIF4E","CARD8"
"OGT",NA,NA,NA,NA,"FLNC","ARID3A","ETS1"
"GPS1",NA,NA,NA,NA,"CBX6","MT-ATP6","SSH1"
"TOB1",NA,NA,NA,NA,"BCL6","TTYH3","RALGAPA2"
"ILF3",NA,NA,NA,NA,"PDK4","BMP2K","HES1"
"PXDC1",NA,NA,NA,NA,"ACTN1","ATP6V1B2","GFOD1"
"SNED1",NA,NA,NA,NA,"RSU1","ETV3","HYAL2"
"FAM193B",NA,NA,NA,NA,"FBXO32","PLEKHO2","SNCG"
"AMOTL2",NA,NA,NA,NA,"MT1M","SH3BP2","ENSG00000271043"
"UAP1",NA,NA,NA,NA,"SEPT9","MFSD2A","AQP1"
"PABPC4",NA,NA,NA,NA,"SELENOW","F3","LMNA"
"YPEL2",NA,NA,NA,NA,"ARID5B","TBC1D9","STARD9"
"KLF6",NA,NA,NA,NA,"ARHGAP29","TPP1","TGFBR2"
"PTPRS",NA,NA,NA,NA,"TGFB1I1","ATP6V0B","PTPRM"
"THOC6",NA,NA,NA,NA,"LDHB","SLC43A3","ITGA9"
"GPR153",NA,NA,NA,NA,"MCL1","PLEKHB2","PLK2"
"MAFK",NA,NA,NA,NA,"PLXDC1","ARC","AKR1C3"
"RBM39",NA,NA,NA,NA,"PPP1R10","ATP6V1F","NRP1"
"NISCH",NA,NA,NA,NA,"HEXIM1","AP1B1","IFI16"
"LTBP2",NA,NA,NA,NA,"ARHGAP17","GRB2","ZFP36L1"
"RARA",NA,NA,NA,NA,"HSPB6","SAMHD1","SRP14"
"TMEM259",NA,NA,NA,NA,"KIRREL1","COTL1","ITGA3"
"PPRC1",NA,NA,NA,NA,"SEMA4C","CAP1","RPS6KA2"
"CHRD",NA,NA,NA,NA,"UBA2","SLC16A10","ENSG00000128016"
"ZCCHC24",NA,NA,NA,NA,"ARID1A","SLC12A7","RASSF3"
"NCOR2",NA,NA,NA,NA,"SNRNP70","DBI","TNFRSF14"
"NFIC",NA,NA,NA,NA,"SORBS3","ARL8B","MALL"
"KDM3A",NA,NA,NA,NA,"HLA-C","PYCARD","TRIM25"
"EWSR1",NA,NA,NA,NA,"HLA-A","KANK1","RAB11A"
"PLXNA3",NA,NA,NA,NA,"ASXL1","LIPA","VASH1"
"SRRT",NA,NA,NA,NA,"KLF2","CD40","LDLR"
"OSR2",NA,NA,NA,NA,"TUBA1B","ARPC3","HSPB1"
"SPG7",NA,NA,NA,NA,"HLA-E","SERPINB8","KIAA0355"
"MAFF",NA,NA,NA,NA,"PPP1R12C","CLIC1","RBPMS"
"PFKFB3",NA,NA,NA,NA,"ROCK1","S100A10","TFPI"
"AHNAK2",NA,NA,NA,NA,"RHOB","CFL1","IFITM2"
"EIF4A2",NA,NA,NA,NA,"SPRY2","NFKB1","ZFP36L2"
"TBCD",NA,NA,NA,NA,"B4GALT3","TNFAIP2","PSMB9"
"EPS8L2",NA,NA,NA,NA,"CCNL2","STX3","EVA1C"
"SUN2",NA,NA,NA,NA,"LENG8","GM2A","TAP1"
"AMPD2",NA,NA,NA,NA,"ASAP1","CMTM6","SLFN5"
"MBNL1",NA,NA,NA,NA,"ENSG00000266402","CTSC","PPP1R13B"
"LAMP1",NA,NA,NA,NA,"IFITM2","RHOG","NECTIN2"
"MEDAG",NA,NA,NA,NA,"MACF1","NPC2","PGF"
"ENSG00000229645",NA,NA,NA,NA,"RRAD","GPR137B","ADM5"
"ARC",NA,NA,NA,NA,"NRP1","VASP","PSMB8"
"ENSG00000173821",NA,NA,NA,NA,"ENSG00000222041","ATP6V1H","CDC42EP3"
"CDO1",NA,NA,NA,NA,"PPP1R15A","TMEM123","SAMHD1"
"IRF2BPL",NA,NA,NA,NA,"IER2","CLN8","COL4A2"
"TNS1",NA,NA,NA,NA,"LAMC1","ABCA1","KLF6"
"CNOT8",NA,NA,NA,NA,"PHLDA1","ATP13A3","IFI44"
"FOXO1",NA,NA,NA,NA,"ETS1","NRIP3","CEP68"
"LRRN4CL",NA,NA,NA,NA,"CRIP2","DOT1L","EPHB4"
"NOLC1",NA,NA,NA,NA,"NXF1","MYO9B","RPS4Y1"
"CSRNP1",NA,NA,NA,NA,"TLN1","SYNGR2","ID1"
"IRF3",NA,NA,NA,NA,"ITIH5","SMS","CCND1"
"MAT2A",NA,NA,NA,NA,"PTPRG","ISG20","FOS"
"SFRP2",NA,NA,NA,NA,"FHL1","PPP1R15A","DTX3L"
"GABARAPL1",NA,NA,NA,NA,"DNAJB1","KCTD12","JUN"
"HDAC5",NA,NA,NA,NA,"RASD1","CAPG","FZD4"
"FADS3",NA,NA,NA,NA,"EHBP1L1","RIT1","TNFSF10"
"RBM10",NA,NA,NA,NA,"UACA","TXNRD1","RPS11"
"CDKN1C",NA,NA,NA,NA,"NDUFS2","PARP14","ENSG00000129270"
"MKNK2",NA,NA,NA,NA,"TUBA1A","TALDO1","ENSG00000176170"
"AGAP1",NA,NA,NA,NA,"DDX3Y","PHLDA1","KTN1"
"TSC22D2",NA,NA,NA,NA,"ENSG00000172965","COLEC12","KLF11"
"RBMX",NA,NA,NA,NA,"IRF2BPL","RB1","IER2"
"GPRC5A",NA,NA,NA,NA,"TENT4B","EFHD2","TAF1C"
"ACKR3",NA,NA,NA,NA,"CAP1","TANK","SLC25A25"
"NOP56",NA,NA,NA,NA,"FAT1","EHD1","CD320"
"TMEM100",NA,NA,NA,NA,"HDAC5","S100A4","RESF1"
"MTSS1",NA,NA,NA,NA,"RBM6","SQOR","CPXM2"
"NSMF",NA,NA,NA,NA,"THOC6","CCL20","MT-ND4L"
"TACC2",NA,NA,NA,NA,"ACAP3","RNF130","ACTN4"
"SEMA4C",NA,NA,NA,NA,"GLIPR2","TAGLN2","SVIP"
"SKI",NA,NA,NA,NA,"PICALM","ASAP1","PARP14"
"AHDC1",NA,NA,NA,NA,"ENSG00000152022","DNTTIP2","SH3BP4"
"RHOA",NA,NA,NA,NA,"MYL12A","ENSG00000155130","SPTAN1"
"AES",NA,NA,NA,NA,"ARPC5","MAF","TSHZ2"
"STAT6",NA,NA,NA,NA,"SMTN","RAPGEF1","LAMA4"
"TARDBP",NA,NA,NA,NA,"HIPK2","MT-ND5","TPM3"
"ADD3",NA,NA,NA,NA,"RPS4Y1","NFKBIA","EPB41L3"
"SDR39U1",NA,NA,NA,NA,"NFATC4","ENSG00000222041","FRY"
"ULK1",NA,NA,NA,NA,"NOP2","ANTXR2","MT-ND5"
"GAK",NA,NA,NA,NA,"IFITM1","HLA-A","ISG15"
"KLHL29",NA,NA,NA,NA,"CEBPD","CDC42","TNS2"
"RHOT2",NA,NA,NA,NA,"HNRNPH3","NINJ1","UTRN"
"CBLB",NA,NA,NA,NA,"FERMT2","ACTR2","HOXB3"
"SRSF6",NA,NA,NA,NA,"CCND1","ACTR3","NTHL1"
"SUPT5H",NA,NA,NA,NA,"NDUFV1","ENSG00000273338","CDH13"
"NDUFV1",NA,NA,NA,NA,NA,"TNFRSF14","FLI1"
"CYTH3",NA,NA,NA,NA,NA,"RP2","BHLHE40"
"INAFM1",NA,NA,NA,NA,NA,"NFKBIE","PLEKHG1"
"BAG3",NA,NA,NA,NA,NA,"IL4R","PLCG1"
"UHRF2",NA,NA,NA,NA,NA,"IER3","TMEM173"
"MDM4",NA,NA,NA,NA,NA,"PTPRE","CCNL2"
"AFDN",NA,NA,NA,NA,NA,"YBX1","PRKD2"
"STK24",NA,NA,NA,NA,NA,"ATP6V0D1","JAG1"
"DST",NA,NA,NA,NA,NA,"G0S2","SNRK"
"ST3GAL1",NA,NA,NA,NA,NA,"MAP2K3","ZNF462"
"PLEC",NA,NA,NA,NA,NA,"CD44","GNAQ"
"NARF",NA,NA,NA,NA,NA,"PLXND1","JUNB"
"ERF",NA,NA,NA,NA,NA,"ENSG00000138293","CYTH1"
"HIPK3",NA,NA,NA,NA,NA,"CPEB4","IFI6"
"WDR6",NA,NA,NA,NA,NA,"RGS10","MTUS1"
"KANK2",NA,NA,NA,NA,NA,"BLVRB","RUNX1T1"
"OGA",NA,NA,NA,NA,NA,"IRAK1","ARHGAP31"
"BOC",NA,NA,NA,NA,NA,"CEBPB","AKAP13"
"IDI1",NA,NA,NA,NA,NA,"AP2A2","FNBP1L"
"EIF4G2",NA,NA,NA,NA,NA,"MFHAS1","COL4A1"
"HERPUD1",NA,NA,NA,NA,NA,"FNIP2","DUSP5"
"KMT2E",NA,NA,NA,NA,NA,"ADAM17","GADD45B"
"HGS",NA,NA,NA,NA,NA,"ARL6IP1","TNFRSF10D"
"CREB3L2",NA,NA,NA,NA,NA,"FEM1B","MARCKSL1"
"FHL1",NA,NA,NA,NA,NA,"MAFB","STAB1"
"LPCAT1",NA,NA,NA,NA,NA,"GSTO1","JCAD"
"CXXC1",NA,NA,NA,NA,NA,"GLUL","ADAMTS1"
"NFKB2",NA,NA,NA,NA,NA,"H2AFY","ASAP1"
"SREBF1",NA,NA,NA,NA,NA,"PEA15","SGK1"
"ING1",NA,NA,NA,NA,NA,"SPRED1","CAVIN1"
"CEMIP2",NA,NA,NA,NA,NA,"APOE","TTC19"
"CSNK1D",NA,NA,NA,NA,NA,"SNX2","TJP1"
"SLC1A5",NA,NA,NA,NA,NA,"PABPC1","RASA4"
"NUFIP2",NA,NA,NA,NA,NA,"RNF145","TRIB1"
"DAAM2",NA,NA,NA,NA,NA,"ANXA2","TAPBP"
"CILP2",NA,NA,NA,NA,NA,"TUBA1C","YPEL2"
"SRF",NA,NA,NA,NA,NA,"MYO5A","TMTC1"
"UTRN",NA,NA,NA,NA,NA,"IQGAP1","ARHGEF7"
"INSR",NA,NA,NA,NA,NA,"CELF1","CRACR2B"
"RUSC1",NA,NA,NA,NA,NA,"SLC6A6","GNAI2"
"ITPR3",NA,NA,NA,NA,NA,"ENSG00000260708","MT-ND3"
"HMGCS1",NA,NA,NA,NA,NA,"STK4","CFLAR"
"SF1",NA,NA,NA,NA,NA,"CCDC88A","AFDN"
"THBS1",NA,NA,NA,NA,NA,"MAP3K8","DDX3Y"
"ABCA5",NA,NA,NA,NA,NA,"C2","ARL4A"
"AMD1",NA,NA,NA,NA,NA,"WDR26","TBC1D9"
"CREB5",NA,NA,NA,NA,NA,"PDXK","TAGLN2"
"HP1BP3",NA,NA,NA,NA,NA,"PTGER4","IGFBP4"
"ENSG00000172660",NA,NA,NA,NA,NA,"BAX","FBXO31"
"EML3",NA,NA,NA,NA,NA,"TIPARP","SYNGR2"
"IRS2",NA,NA,NA,NA,NA,"PRKCD","SERPINE1"
"PPP1R3C",NA,NA,NA,NA,NA,"HMGA1","RDX"
"ADAM15",NA,NA,NA,NA,NA,"RAP1B","ADAMTS4"
"CRY2",NA,NA,NA,NA,NA,"DAZAP2","DUSP23"
"ZNF385A",NA,NA,NA,NA,NA,"GLIPR2","FOXP1"
"MACF1",NA,NA,NA,NA,NA,"RALA","CD83"
"ENSG00000269821",NA,NA,NA,NA,NA,"ARPC1B","MGLL"
"MN1",NA,NA,NA,NA,NA,"PPT1","FOSB"
"EPHX1",NA,NA,NA,NA,NA,"ARPC5","IRF2BPL"
"ADGRE5",NA,NA,NA,NA,NA,"LHFPL2","NOL4L"
"SREBF2",NA,NA,NA,NA,NA,"ENSG00000168614","SNAI1"
"DDIT4",NA,NA,NA,NA,NA,"CSGALNACT2","PML"
"ENSG00000234769",NA,NA,NA,NA,NA,"TENT2","MYL12A"
"AKAP13",NA,NA,NA,NA,NA,"APLP2","TACC1"
"DYNLL2",NA,NA,NA,NA,NA,"DUSP23","LRRFIP1"
"CTNNB1",NA,NA,NA,NA,NA,"SNX8","ITGA5"
"TUBA4A",NA,NA,NA,NA,NA,"MEF2C","ABLIM3"
"ABTB1",NA,NA,NA,NA,NA,"PLBD1","ALDH16A1"
"USP22",NA,NA,NA,NA,NA,"CD58","DPYSL2"
"CLSTN1",NA,NA,NA,NA,NA,"FLNA","ATP11C"
"TCF7L2",NA,NA,NA,NA,NA,"PGD","HLA-DPB1"
"SYNE1",NA,NA,NA,NA,NA,"ABHD12","ARGLU1"
"SUN1",NA,NA,NA,NA,NA,"IL6","PLXNA2"
"LUC7L3",NA,NA,NA,NA,NA,"MCOLN1","IKBKB"
"PIEZO1",NA,NA,NA,NA,NA,"NFE2L2","ARID5A"
"ENSG00000242086",NA,NA,NA,NA,NA,"ANPEP","ADAR"
"KLF13",NA,NA,NA,NA,NA,"EIF4A1","SWAP70"
"TMBIM6",NA,NA,NA,NA,NA,"OGFRL1","ITPKB"
"ELMSAN1",NA,NA,NA,NA,NA,"CYP1B1","FRYL"
"MEPCE",NA,NA,NA,NA,NA,"STMN1","CPNE2"
"GADD45A",NA,NA,NA,NA,NA,"ENSG00000068793","ITM2B"
"OMD",NA,NA,NA,NA,NA,"TRA2B","NFIB"
"OLFML3",NA,NA,NA,NA,NA,"SIRPA","INTS3"
"KLF7",NA,NA,NA,NA,NA,"CORO1C","SLC48A1"
"ENSG00000259976",NA,NA,NA,NA,NA,"GLA","UBN1"
"VPS51",NA,NA,NA,NA,NA,"MYL12A","FAM117A"
"HBEGF",NA,NA,NA,NA,NA,"ZNF267","HIPK3"
"LIMA1",NA,NA,NA,NA,NA,"HSP90AA1","HERC1"
"PTOV1",NA,NA,NA,NA,NA,"ARF6","MTA2"
"HYI",NA,NA,NA,NA,NA,"ALDH2","HSP90AB1"
"ASS1",NA,NA,NA,NA,NA,"ENSG00000243452","BRD2"
"SERPINA1",NA,NA,NA,NA,NA,"ADAM9","UACA"
"PHF13",NA,NA,NA,NA,NA,"PNPLA8","HOXD9"
"IGF1R",NA,NA,NA,NA,NA,"RAB5C","UBA7"
"CASC3",NA,NA,NA,NA,NA,"TPRA1","MAPK3"
"CRY1",NA,NA,NA,NA,NA,"BRI3","PIK3R3"
"BAIAP2",NA,NA,NA,NA,NA,"M6PR","PSME1"
"CIC",NA,NA,NA,NA,NA,"PABPN1","ENSG00000233016"
"DNAJA1",NA,NA,NA,NA,NA,"RAP1A","PACS2"
"CTTN",NA,NA,NA,NA,NA,"DNAJB6","EOGT"
"FNBP4",NA,NA,NA,NA,NA,"TNIP1","ZC3HAV1"
"RNF146",NA,NA,NA,NA,NA,"UPP1","ADAM10"
"FXYD1",NA,NA,NA,NA,NA,"ZFYVE16","MBNL1"
"ARID1A",NA,NA,NA,NA,NA,"RAC1","CDC37"
"FOXC1",NA,NA,NA,NA,NA,"MAMDC2","SRRM2"
"MXRA7",NA,NA,NA,NA,NA,"PNP","GIT1"
"OS9",NA,NA,NA,NA,NA,"LITAF","MACF1"
"LRP11",NA,NA,NA,NA,NA,"MTSS1","PPP1R18"
"NONO",NA,NA,NA,NA,NA,"RAB8B","CALM1"
"TRIB1",NA,NA,NA,NA,NA,"YTHDF3","KAT2A"
"MAP1B",NA,NA,NA,NA,NA,"TRIB1","SLC12A2"
"INPPL1",NA,NA,NA,NA,NA,"CEP170","RAPGEF1"
"STOM",NA,NA,NA,NA,NA,"IFNGR2","GSDMD"
"OGDH",NA,NA,NA,NA,NA,"BLVRA","ENSG00000225485"
"DDX39A",NA,NA,NA,NA,NA,"SLC40A1","ENSG00000173821"
"NASP",NA,NA,NA,NA,NA,"RHOF","VEZT"
"PMP22",NA,NA,NA,NA,NA,"ZBTB1","LIPA"
"ZNF703",NA,NA,NA,NA,NA,"TYMP","ATP2B1"
"PRPS1",NA,NA,NA,NA,NA,"PTPN18","NOP53"
"MAP3K8",NA,NA,NA,NA,NA,"ARPC2","HLA-DPA1"
"SREK1",NA,NA,NA,NA,NA,"TCIRG1","RARA"
"SERPINA5",NA,NA,NA,NA,NA,"ABI1","LIFR"
"ZC3H12A",NA,NA,NA,NA,NA,"ABL2","KCTD12"
"ASAP2",NA,NA,NA,NA,NA,"WDR1","UBXN1"
"CITED2",NA,NA,NA,NA,NA,"NUMB","PALMD"
"GDI1",NA,NA,NA,NA,NA,"EVI2A","HSD17B11"
"ZNF704",NA,NA,NA,NA,NA,"CITED2","PLSCR1"
"YPEL3",NA,NA,NA,NA,NA,"B3GNT7","LAP3"
"SLC43A3",NA,NA,NA,NA,NA,"IRAK2","RBM22"
"RBM22",NA,NA,NA,NA,NA,"SWAP70","GAB1"
"PHF10",NA,NA,NA,NA,NA,"RBPJ","ASXL1"
"STARD7",NA,NA,NA,NA,NA,"SH3BGRL","VWA1"
"PTPRM",NA,NA,NA,NA,NA,"CDC42SE1","CCNL1"
"FOSL2",NA,NA,NA,NA,NA,"GYPC","CCDC85B"
"UPF1",NA,NA,NA,NA,NA,"ENSG00000172965","MYLK"
"RND3",NA,NA,NA,NA,NA,"TAOK3","BCL2L1"
"NKTR",NA,NA,NA,NA,NA,"CYCS","IL4R"
"MFAP5",NA,NA,NA,NA,NA,"TMBIM6","JAK1"
"RTL8C",NA,NA,NA,NA,NA,"GNA13","PDIA5"
"CBX4",NA,NA,NA,NA,NA,"ATP6V1A","AHR"
"SORBS3",NA,NA,NA,NA,NA,"GNG5","CDC25B"
"CLK1",NA,NA,NA,NA,NA,"NUP62","NR4A1"
"TNFAIP2",NA,NA,NA,NA,NA,"DENND5A","HNRNPA3"
"CRTAP",NA,NA,NA,NA,NA,"RNF144B","TBCD"
"DVL1",NA,NA,NA,NA,NA,"PLEKHM2","YBX3"
"JDP2",NA,NA,NA,NA,NA,"MGAT1","TMEM204"
"KPNB1",NA,NA,NA,NA,NA,"ENSG00000117289","ARPC1B"
"UBA1",NA,NA,NA,NA,NA,"POMP","ARHGAP17"
"CCDC80",NA,NA,NA,NA,NA,"COX7B","TAOK2"
"USP7",NA,NA,NA,NA,NA,"NRIP1","RBM6"
"IST1",NA,NA,NA,NA,NA,"SMIM4","RPL23"
"PACSIN2",NA,NA,NA,NA,NA,"GAS7","AP1S2"
"LATS2",NA,NA,NA,NA,NA,"ARL8A","CCL2"
"ZBTB21",NA,NA,NA,NA,NA,"CDKN1A","TRIO"
"IDS",NA,NA,NA,NA,NA,"DUSP10","MYC"
"CCN3",NA,NA,NA,NA,NA,"RAB32","PLEC"
"SPEN",NA,NA,NA,NA,NA,"FAM107B","PGGHG"
"ARGLU1",NA,NA,NA,NA,NA,"SNX6","CDC42SE2"
"HNRNPM",NA,NA,NA,NA,NA,"ICAM1","ELMO1"
"CTDSP2",NA,NA,NA,NA,NA,"AKAP13","ATF3"
"LASP1",NA,NA,NA,NA,NA,"NOP10","SH2B3"
"ZEB1",NA,NA,NA,NA,NA,"NEU1","DDX5"
"ZNF521",NA,NA,NA,NA,NA,"ELOC","DLC1"
"PDE4DIP",NA,NA,NA,NA,NA,"FNBP1","UHRF2"
"MYO9B",NA,NA,NA,NA,NA,"BIRC3","HNRNPL"
"PPP1R18",NA,NA,NA,NA,NA,"ENSG00000232956","GNAS"
"VSIR",NA,NA,NA,NA,NA,"ZYX","BMPR2"
"CBX6",NA,NA,NA,NA,NA,"RAB7A","IGFBP7"
"MED15",NA,NA,NA,NA,NA,"PREX1","SLC12A7"
"GBA",NA,NA,NA,NA,NA,"PIM3","FYN"
"INSIG1",NA,NA,NA,NA,NA,"CAPZA1","WWTR1"
"SIN3A",NA,NA,NA,NA,NA,"TMEM70","LRRC8C"
"ANAPC5",NA,NA,NA,NA,NA,"DSE","SUN1"
"YY1AP1",NA,NA,NA,NA,NA,"PRR13","PTPN12"
"RBBP7",NA,NA,NA,NA,NA,"CREM","CDK17"
"IL13RA1",NA,NA,NA,NA,NA,"SERTAD2","APP"
"ODC1",NA,NA,NA,NA,NA,"MXD1","LCAT"
"ZBTB20",NA,NA,NA,NA,NA,"MAFG","TANC1"
"DLGAP4",NA,NA,NA,NA,NA,"MCL1","ITPR1"
"TAF1D",NA,NA,NA,NA,NA,"GNS","DDX17"
"EIF4A3",NA,NA,NA,NA,NA,"MAFF","WNK1"
"ENSG00000186594",NA,NA,NA,NA,NA,"PTGS2","CELF2"
"UBR5",NA,NA,NA,NA,NA,"COMT","IL6ST"
"ELL2",NA,NA,NA,NA,NA,"ABRACL","ENSG00000179094"
"PDGFRA",NA,NA,NA,NA,NA,"PDE4DIP","IER5"
"C6orf62",NA,NA,NA,NA,NA,"BACH1","ARRDC2"
"TAF7",NA,NA,NA,NA,NA,"RNF149","RGL2"
"MYO1C",NA,NA,NA,NA,NA,"PFDN2","HNRNPH1"
"HNRNPA3",NA,NA,NA,NA,NA,"ENSG00000197989","NASP"
"PTBP1",NA,NA,NA,NA,NA,"TAB2","C2CD4B"
"KIAA0930",NA,NA,NA,NA,NA,"RPS6KA3","PIM3"
"MVP",NA,NA,NA,NA,NA,"AP2S1","CAPNS1"
"CRTC2",NA,NA,NA,NA,NA,"ARL4A","PABPC1"
"SRSF4",NA,NA,NA,NA,NA,"CALM3","MAN2C1"
"HTRA3",NA,NA,NA,NA,NA,"ATP6AP1","SP100"
"RUNX1",NA,NA,NA,NA,NA,"VOPP1","LPCAT4"
"KIDINS220",NA,NA,NA,NA,NA,"ATP5MF","EIF4G2"
"SLC38A10",NA,NA,NA,NA,NA,"KPNA4","PROS1"
"VAT1",NA,NA,NA,NA,NA,"LRRFIP1","TLE3"
"ZFHX3",NA,NA,NA,NA,NA,"PPP1R15B","PTPRK"
"TBL1XR1",NA,NA,NA,NA,NA,"HSPE1","MCL1"
"CDK16",NA,NA,NA,NA,NA,"BLOC1S1","ELMSAN1"
"GLUD1",NA,NA,NA,NA,NA,"HSPA1B","LRRC8A"
"SUMF2",NA,NA,NA,NA,NA,"ENSG00000269893","TSC2"
"ENSG00000108292",NA,NA,NA,NA,NA,"HEXB","KMT2E"
"ACADVL",NA,NA,NA,NA,NA,"PLD3","CDC42BPB"
"TMEM43",NA,NA,NA,NA,NA,"HIGD2A","TNFAIP3"
"SERINC3",NA,NA,NA,NA,NA,"ZNF706","ZNF521"
"ENSG00000005955",NA,NA,NA,NA,NA,"ATP6V0E1","HMGN3"
"SYF2",NA,NA,NA,NA,NA,"ATP1B3","DDX3X"
"HK1",NA,NA,NA,NA,NA,"DEK","IFITM1"
"GNL1",NA,NA,NA,NA,NA,"CAPZB","GADD45A"
"PSMC6",NA,NA,NA,NA,NA,"USF2","TRIM28"
"COLGALT2",NA,NA,NA,NA,NA,NA,"PLEKHO2"
"BAG6",NA,NA,NA,NA,NA,NA,"SMCHD1"
NA,NA,NA,NA,NA,NA,NA,"ABLIM1"
NA,NA,NA,NA,NA,NA,NA,"TRIOBP"
NA,NA,NA,NA,NA,NA,NA,"RHOA"
NA,NA,NA,NA,NA,NA,NA,"IRF7"
NA,NA,NA,NA,NA,NA,NA,"ARID1A"
NA,NA,NA,NA,NA,NA,NA,"NOP2"
NA,NA,NA,NA,NA,NA,NA,"NFE2L1"
NA,NA,NA,NA,NA,NA,NA,"FEZ2"
NA,NA,NA,NA,NA,NA,NA,"ZEB1"
NA,NA,NA,NA,NA,NA,NA,"CASP4"
NA,NA,NA,NA,NA,NA,NA,"DNM2"
NA,NA,NA,NA,NA,NA,NA,"PLA2G16"
NA,NA,NA,NA,NA,NA,NA,"PPP1R9B"
NA,NA,NA,NA,NA,NA,NA,"ENSG00000172660"
NA,NA,NA,NA,NA,NA,NA,"BAZ2B"
NA,NA,NA,NA,NA,NA,NA,"CSGALNACT1"
NA,NA,NA,NA,NA,NA,NA,"MAST4"
NA,NA,NA,NA,NA,NA,NA,"RREB1"
NA,NA,NA,NA,NA,NA,NA,"SNRNP70"
NA,NA,NA,NA,NA,NA,NA,"IER5L"
NA,NA,NA,NA,NA,NA,NA,"ICAM4"
NA,NA,NA,NA,NA,NA,NA,"SRSF3"
NA,NA,NA,NA,NA,NA,NA,"RSRP1"
NA,NA,NA,NA,NA,NA,NA,"BCL3"
NA,NA,NA,NA,NA,NA,NA,"CALCOCO2"
NA,NA,NA,NA,NA,NA,NA,"CPT1A"
NA,NA,NA,NA,NA,NA,NA,"PEA15"
NA,NA,NA,NA,NA,NA,NA,"PRMT1"
NA,NA,NA,NA,NA,NA,NA,"CDC42"
NA,NA,NA,NA,NA,NA,NA,"SUPT5H"
NA,NA,NA,NA,NA,NA,NA,"ENSG00000266402"
NA,NA,NA,NA,NA,NA,NA,"RPL36A"
NA,NA,NA,NA,NA,NA,NA,"INSR"
NA,NA,NA,NA,NA,NA,NA,"FRMD8"
NA,NA,NA,NA,NA,NA,NA,"AKAP17A"
NA,NA,NA,NA,NA,NA,NA,"KLF9"
NA,NA,NA,NA,NA,NA,NA,"UPP1"
NA,NA,NA,NA,NA,NA,NA,"CMIP"
NA,NA,NA,NA,NA,NA,NA,"H3F3A"
NA,NA,NA,NA,NA,NA,NA,"DNAJA1"
NA,NA,NA,NA,NA,NA,NA,"SDCBP"
NA,NA,NA,NA,NA,NA,NA,"ASL"
NA,NA,NA,NA,NA,NA,NA,"TJP2"
NA,NA,NA,NA,NA,NA,NA,"TNK2"
NA,NA,NA,NA,NA,NA,NA,"TMOD3"
NA,NA,NA,NA,NA,NA,NA,"CTNND1"
NA,NA,NA,NA,NA,NA,NA,"SHKBP1"
NA,NA,NA,NA,NA,NA,NA,"RAC1"
NA,NA,NA,NA,NA,NA,NA,"SEMA4C"
NA,NA,NA,NA,NA,NA,NA,"RNF44"
NA,NA,NA,NA,NA,NA,NA,"VPS51"
NA,NA,NA,NA,NA,NA,NA,"HEXIM1"
NA,NA,NA,NA,NA,NA,NA,"SEC14L1"
NA,NA,NA,NA,NA,NA,NA,"B4GALT3"
NA,NA,NA,NA,NA,NA,NA,"RGS16"
NA,NA,NA,NA,NA,NA,NA,"NUMA1"
NA,NA,NA,NA,NA,NA,NA,"SPATA13"
NA,NA,NA,NA,NA,NA,NA,"SOGA1"
NA,NA,NA,NA,NA,NA,NA,"LENG8"
NA,NA,NA,NA,NA,NA,NA,"CD59"
NA,NA,NA,NA,NA,NA,NA,"CNST"
NA,NA,NA,NA,NA,NA,NA,"SIGIRR"
NA,NA,NA,NA,NA,NA,NA,"NXF1"
NA,NA,NA,NA,NA,NA,NA,"SRSF7"
NA,NA,NA,NA,NA,NA,NA,"KLF7"
NA,NA,NA,NA,NA,NA,NA,"PLIN2"
NA,NA,NA,NA,NA,NA,NA,"PPP1R10"
NA,NA,NA,NA,NA,NA,NA,"VAMP5"
NA,NA,NA,NA,NA,NA,NA,"PTGIS"
NA,NA,NA,NA,NA,NA,NA,"NDRG1"
NA,NA,NA,NA,NA,NA,NA,"PAN3"
NA,NA,NA,NA,NA,NA,NA,"BTBD7"
NA,NA,NA,NA,NA,NA,NA,"RIPOR1"
NA,NA,NA,NA,NA,NA,NA,"PTK2"
NA,NA,NA,NA,NA,NA,NA,"GAK"
NA,NA,NA,NA,NA,NA,NA,"CRTC2"
NA,NA,NA,NA,NA,NA,NA,"NKTR"
NA,NA,NA,NA,NA,NA,NA,"VASP"
NA,NA,NA,NA,NA,NA,NA,"SMG7"
NA,NA,NA,NA,NA,NA,NA,"LUZP1"
NA,NA,NA,NA,NA,NA,NA,"DIP2A"
NA,NA,NA,NA,NA,NA,NA,"HNRNPA2B1"
NA,NA,NA,NA,NA,NA,NA,"ZMIZ1"
NA,NA,NA,NA,NA,NA,NA,"FOXO4"
NA,NA,NA,NA,NA,NA,NA,"SIK1"
NA,NA,NA,NA,NA,NA,NA,"CDKN1A"
NA,NA,NA,NA,NA,NA,NA,"CCND3"
NA,NA,NA,NA,NA,NA,NA,"SELENOW"
NA,NA,NA,NA,NA,NA,NA,"RNPEPL1"
NA,NA,NA,NA,NA,NA,NA,"FLNA"
NA,NA,NA,NA,NA,NA,NA,"ENSG00000258486"
NA,NA,NA,NA,NA,NA,NA,"ILF3"
NA,NA,NA,NA,NA,NA,NA,"PPP1R2"
NA,NA,NA,NA,NA,NA,NA,"CPSF1"
NA,NA,NA,NA,NA,NA,NA,"PTPRE"
NA,NA,NA,NA,NA,NA,NA,"TSHZ1"
NA,NA,NA,NA,NA,NA,NA,"GRK2"
NA,NA,NA,NA,NA,NA,NA,"CCDC50"
NA,NA,NA,NA,NA,NA,NA,"DYNC1LI2"
NA,NA,NA,NA,NA,NA,NA,"ANP32A"
NA,NA,NA,NA,NA,NA,NA,"XRN2"
NA,NA,NA,NA,NA,NA,NA,"WARS"
NA,NA,NA,NA,NA,NA,NA,"ENSG00000005955"
NA,NA,NA,NA,NA,NA,NA,"USP22"
NA,NA,NA,NA,NA,NA,NA,"MED15"
NA,NA,NA,NA,NA,NA,NA,"IRF2BP2"
NA,NA,NA,NA,NA,NA,NA,"FUS"
NA,NA,NA,NA,NA,NA,NA,"PTBP1"
NA,NA,NA,NA,NA,NA,NA,"TMEM123"
NA,NA,NA,NA,NA,NA,NA,"MSX1"
NA,NA,NA,NA,NA,NA,NA,"SETX"
NA,NA,NA,NA,NA,NA,NA,"SRSF4"
NA,NA,NA,NA,NA,NA,NA,"STARD7"
NA,NA,NA,NA,NA,NA,NA,"RBM10"
NA,NA,NA,NA,NA,NA,NA,"NRGN"
NA,NA,NA,NA,NA,NA,NA,"RBM5"
NA,NA,NA,NA,NA,NA,NA,"ATP1A1"
NA,NA,NA,NA,NA,NA,NA,"WWP1"
NA,NA,NA,NA,NA,NA,NA,"NONO"
NA,NA,NA,NA,NA,NA,NA,"SF3B1"
NA,NA,NA,NA,NA,NA,NA,"FAM193B"
NA,NA,NA,NA,NA,NA,NA,"NLRP1"
NA,NA,NA,NA,NA,NA,NA,"DAPK3"
NA,NA,NA,NA,NA,NA,NA,"FBXW5"
NA,NA,NA,NA,NA,NA,NA,"POLR2A"
NA,NA,NA,NA,NA,NA,NA,"ENSG00000056661"
NA,NA,NA,NA,NA,NA,NA,"GNS"
NA,NA,NA,NA,NA,NA,NA,"TSC22D1"
NA,NA,NA,NA,NA,NA,NA,"S100A16"
NA,NA,NA,NA,NA,NA,NA,"KAT6A"
NA,NA,NA,NA,NA,NA,NA,"CS"
NA,NA,NA,NA,NA,NA,NA,"RBM17"
NA,NA,NA,NA,NA,NA,NA,"FLOT1"
NA,NA,NA,NA,NA,NA,NA,"PHACTR2"
NA,NA,NA,NA,NA,NA,NA,"EML3"
NA,NA,NA,NA,NA,NA,NA,"SPG7"
NA,NA,NA,NA,NA,NA,NA,"MTURN"
NA,NA,NA,NA,NA,NA,NA,"TARDBP"
NA,NA,NA,NA,NA,NA,NA,"KLF10"
NA,NA,NA,NA,NA,NA,NA,"TMEM259"
NA,NA,NA,NA,NA,NA,NA,"ICAM1"
NA,NA,NA,NA,NA,NA,NA,"HNRNPD"
NA,NA,NA,NA,NA,NA,NA,"SLC20A1"
NA,NA,NA,NA,NA,NA,NA,"STMN1"
NA,NA,NA,NA,NA,NA,NA,"SET"
NA,NA,NA,NA,NA,NA,NA,"MPRIP"
NA,NA,NA,NA,NA,NA,NA,"HNRNPU"
NA,NA,NA,NA,NA,NA,NA,"PAXX"
NA,NA,NA,NA,NA,NA,NA,"MSN"
NA,NA,NA,NA,NA,NA,NA,"PFKL"
NA,NA,NA,NA,NA,NA,NA,"CBX4"
NA,NA,NA,NA,NA,NA,NA,"NARF"
NA,NA,NA,NA,NA,NA,NA,"SYNJ2"
NA,NA,NA,NA,NA,NA,NA,"STAT6"
NA,NA,NA,NA,NA,NA,NA,"PKN3"
NA,NA,NA,NA,NA,NA,NA,"OTUD4"
NA,NA,NA,NA,NA,NA,NA,"CYB5B"
NA,NA,NA,NA,NA,NA,NA,"INPP1"
NA,NA,NA,NA,NA,NA,NA,"TBC1D1"
NA,NA,NA,NA,NA,NA,NA,"TLNRD1"
NA,NA,NA,NA,NA,NA,NA,"LY6E"
NA,NA,NA,NA,NA,NA,NA,"ELF2"
NA,NA,NA,NA,NA,NA,NA,"AP2A2"
NA,NA,NA,NA,NA,NA,NA,"MOB2"
NA,NA,NA,NA,NA,NA,NA,"ELOVL1"
NA,NA,NA,NA,NA,NA,NA,"FKBP9"
NA,NA,NA,NA,NA,NA,NA,"STAT5A"
NA,NA,NA,NA,NA,NA,NA,"PNP"
NA,NA,NA,NA,NA,NA,NA,"YWHAB"
NA,NA,NA,NA,NA,NA,NA,"RBM39"
NA,NA,NA,NA,NA,NA,NA,"DDIT4"
NA,NA,NA,NA,NA,NA,NA,"GAS6"
NA,NA,NA,NA,NA,NA,NA,"CLEC3B"
NA,NA,NA,NA,NA,NA,NA,"LRCH1"
NA,NA,NA,NA,NA,NA,NA,"ATRX"
NA,NA,NA,NA,NA,NA,NA,"RAP1A"
NA,NA,NA,NA,NA,NA,NA,"RHOT2"
NA,NA,NA,NA,NA,NA,NA,"MYO1C"
NA,NA,NA,NA,NA,NA,NA,"ENSG00000077809"
NA,NA,NA,NA,NA,NA,NA,"TRIP12"
NA,NA,NA,NA,NA,NA,NA,"EMP1"
NA,NA,NA,NA,NA,NA,NA,"MYOF"
NA,NA,NA,NA,NA,NA,NA,"SREK1"
NA,NA,NA,NA,NA,NA,NA,"SHISA5"
NA,NA,NA,NA,NA,NA,NA,"DYNLL2"
NA,NA,NA,NA,NA,NA,NA,"YTHDC1"
NA,NA,NA,NA,NA,NA,NA,"ARPC4"
NA,NA,NA,NA,NA,NA,NA,"ENSG00000234769"
NA,NA,NA,NA,NA,NA,NA,"ENSG00000108292"
NA,NA,NA,NA,NA,NA,NA,"COL15A1"
NA,NA,NA,NA,NA,NA,NA,"PHACTR4"
NA,NA,NA,NA,NA,NA,NA,"PRRC2B"
NA,NA,NA,NA,NA,NA,NA,"PLEKHB2"
NA,NA,NA,NA,NA,NA,NA,"HERC2"
NA,NA,NA,NA,NA,NA,NA,"BPTF"
NA,NA,NA,NA,NA,NA,NA,"SUPT6H"
NA,NA,NA,NA,NA,NA,NA,"SIK3"
NA,NA,NA,NA,NA,NA,NA,"ARID4A"
NA,NA,NA,NA,NA,NA,NA,"NISCH"
NA,NA,NA,NA,NA,NA,NA,"MEF2A"
NA,NA,NA,NA,NA,NA,NA,"TAF1D"
NA,NA,NA,NA,NA,NA,NA,"DDX39A"
NA,NA,NA,NA,NA,NA,NA,"CTNNB1"
NA,NA,NA,NA,NA,NA,NA,"PICALM"
NA,NA,NA,NA,NA,NA,NA,"SASH1"
NA,NA,NA,NA,NA,NA,NA,"SVIL"
NA,NA,NA,NA,NA,NA,NA,"FAM43A"
NA,NA,NA,NA,NA,NA,NA,"EWSR1"
NA,NA,NA,NA,NA,NA,NA,"CSNK1D"
NA,NA,NA,NA,NA,NA,NA,"AGAP3"
NA,NA,NA,NA,NA,NA,NA,"AP2B1"
NA,NA,NA,NA,NA,NA,NA,"GUK1"
NA,NA,NA,NA,NA,NA,NA,"SERINC3"
NA,NA,NA,NA,NA,NA,NA,"FXYD5"
NA,NA,NA,NA,NA,NA,NA,"NCOA7"
NA,NA,NA,NA,NA,NA,NA,"EHD2"
NA,NA,NA,NA,NA,NA,NA,"SULF2"
NA,NA,NA,NA,NA,NA,NA,"WDR13"
NA,NA,NA,NA,NA,NA,NA,"LTA4H"
NA,NA,NA,NA,NA,NA,NA,"CCT2"
NA,NA,NA,NA,NA,NA,NA,"SYF2"
NA,NA,NA,NA,NA,NA,NA,"KPNB1"
NA,NA,NA,NA,NA,NA,NA,"GPAT4"
NA,NA,NA,NA,NA,NA,NA,"CDC27"
NA,NA,NA,NA,NA,NA,NA,"PPP2R2A"
NA,NA,NA,NA,NA,NA,NA,"DYNC1I2"
NA,NA,NA,NA,NA,NA,NA,"CPD"
NA,NA,NA,NA,NA,NA,NA,"SYNPO"
NA,NA,NA,NA,NA,NA,NA,"DPYSL3"
NA,NA,NA,NA,NA,NA,NA,"SEPT9"
NA,NA,NA,NA,NA,NA,NA,"SAFB"
NA,NA,NA,NA,NA,NA,NA,"HNRNPM"
NA,NA,NA,NA,NA,NA,NA,"ATP1B3"
NA,NA,NA,NA,NA,NA,NA,"UBE2H"
NA,NA,NA,NA,NA,NA,NA,"VAT1"
NA,NA,NA,NA,NA,NA,NA,"PIEZO1"
NA,NA,NA,NA,NA,NA,NA,"GJA1"
NA,NA,NA,NA,NA,NA,NA,"NUFIP2"
NA,NA,NA,NA,NA,NA,NA,"CSNK1E"
NA,NA,NA,NA,NA,NA,NA,"STAT3"
NA,NA,NA,NA,NA,NA,NA,"AIDA"
NA,NA,NA,NA,NA,NA,NA,"SMAD2"
NA,NA,NA,NA,NA,NA,NA,"ATG4B"
NA,NA,NA,NA,NA,NA,NA,"ZMIZ2"
NA,NA,NA,NA,NA,NA,NA,"MRPL33"
NA,NA,NA,NA,NA,NA,NA,"EMP2"
NA,NA,NA,NA,NA,NA,NA,"ARPP19"
NA,NA,NA,NA,NA,NA,NA,"SERBP1"
NA,NA,NA,NA,NA,NA,NA,"BNIP2"
NA,NA,NA,NA,NA,NA,NA,"ACTN1"
NA,NA,NA,NA,NA,NA,NA,"NMT1"
NA,NA,NA,NA,NA,NA,NA,"SYPL1"
NA,NA,NA,NA,NA,NA,NA,"SPSB3"
NA,NA,NA,NA,NA,NA,NA,"SEPT10"
NA,NA,NA,NA,NA,NA,NA,"RALY"
NA,NA,NA,NA,NA,NA,NA,"CCT6A"
NA,NA,NA,NA,NA,NA,NA,"WDR1"
NA,NA,NA,NA,NA,NA,NA,"SYNCRIP"
NA,NA,NA,NA,NA,NA,NA,"BAG3"
NA,NA,NA,NA,NA,NA,NA,"SNTB2"
NA,NA,NA,NA,NA,NA,NA,"UBE2R2"
NA,NA,NA,NA,NA,NA,NA,"ARID4B"
NA,NA,NA,NA,NA,NA,NA,"EIF4B"
NA,NA,NA,NA,NA,NA,NA,"KDM6B"
NA,NA,NA,NA,NA,NA,NA,"CAPZA2"
NA,NA,NA,NA,NA,NA,NA,"PDCD6IP"
NA,NA,NA,NA,NA,NA,NA,"GPBP1"
NA,NA,NA,NA,NA,NA,NA,"HNRNPF"
NA,NA,NA,NA,NA,NA,NA,"LEPROT"
NA,NA,NA,NA,NA,NA,NA,"FOSL2"
NA,NA,NA,NA,NA,NA,NA,"PSME2"
