"Cluster0","Cluster1","Cluster2","Cluster3","Cluster4","Cluster5","Cluster6"
"COL3A1","CXCL12","FN1","RGS5","CD74","VWF","TOP2A"
"COMP","CFD","DEFB1","ACTA2","HLA-DRA","PLVAP","CENPF"
"BGN","SFRP1","CD55","MCAM","TYROBP","SOX18","UBE2C"
"NDUFA4L2","EFEMP1","CRLF1","CD36","HLA-DRB1","AC011526.1","BIRC5"
"ASPN","IGFBP4","PCOLCE2","TAGLN","C1QA","ECSCR","MKI67"
"COL1A2","C1R","PRG4","COL18A1","CCL3L3","ELTD1","NUSAP1"
"FMOD","VCAN","CLU","NOTCH3","FCER1G","DARC","ASPM"
"PRELP","COL14A1","CRTAC1","COL4A1","HLA-DPA1","CALCRL","CDK1"
"COL1A1","PLA2G2A","PROCR","COL4A2","C1QC","CDH5","CEP55"
"CILP","CYP1B1","TREM1","PPP1R14A","C1QB","RAMP2","PBK"
"CLU","SERPINF1","PRELP","TINAGL1","AIF1","EMCN","CDKN3"
"SPARC","PLAC9","TNFAIP6","COX4I2","MARCO","BCAM","IQGAP3"
"AEBP1","HSPA1A","HTRA1","MYH11","HLA-DPB1","SLCO2A1","ANLN"
"MT1X","SFRP2","FGFBP2","SYNPO2","HLA-DQA2","APLNR","KIF23"
"TNC","FBLN2","C10orf105","CHN1","LAPTM5","ITGA6","PRC1"
"MFGE8","GSN","S100A1","KCNJ8","CCL3","CD93","RRM2"
"COL5A1","C1S","UGP2","FABP4","FOLR2","ITGB4","DLGAP5"
"FNDC1","MMP2","AK1","LGI4","HLA-DQB1","GIMAP7","FAM64A"
"ACAN","FOSB","SH3BGRL3","NR2F2","RNASE1","MMRN2","C1QL1"
"TGFBI","FTH1","RGCC","CYP26B1","CTSS","RASIP1","TPX2"
"COL5A2","WISP2","VKORC1","CALD1","MSR1","CXorf36","STMN1"
"DKK3","C3","FMOD","IGFBP7","CCL4","EGFL7","UBE2T"
"CILP2","TMSB10","AMTN","APOE","RGS1","CLEC14A","PTTG1"
"LUM","IER3","COL2A1","ITGA1","IL8","SOX7","PLK1"
"LTBP2","CFH","INHBA","SPARCL1","LYZ","SELE","TYMS"
"CHAD","SCARA5","NDUFA4L2","PARM1","MS4A6A","TM4SF18","KIAA0101"
"CRTAC1","CST3","ISLR","A2M","HLA-DMA","TIE1","CCNA2"
"SCRG1","HSPA1B","CILP","SCN4B","ALOX5AP","GNG11","MXD3"
"DPT","FOS","GAPDH","ITGA7","HLA-DQA1","RAMP3","CCNB2"
"GPX3","GGT5","SMIM14","TPM2","SPP1","CCL14","NUF2"
"ANGPTL2","JUNB","CDON","GUCY1A2","TNF","EFNA1","HMMR"
"GAPDH","JUN","CAPS","MYLK","CXCL3","GATA2","CKAP2"
"MIF","HAS2","MIA","MYL9","GPR183","PODXL","KIF20A"
"NBL1","DNAJB1","CRIP1","TBX2","VSIG4","PTPRB","CENPM"
"COL6A1","ZFP36L1","MT2A","IGFBP2","PLEK","GIMAP6","KIF18B"
"LRRC15","PODN","CCDC80","NEURL1B","HLA-DMB","IGF2","SGOL1"
"THBS4","CXCL14","TIMP3","STEAP4","FTL","TSPAN7","TROAP"
"TSPAN2","MT-ND1","SLC7A2","MRVI1","LILRB5","C1orf115","NEK2"
"LOX","ZFP36","LDHA","FAM162B","ITGB2","CLDN5","NCAPG2"
"MXRA5","SOCS3","TPPP3","NCKAP5","FCGR3A","CD34","SAPCD2"
"PLOD2","EBF1","EMP3","ARHGDIB","LST1","FLT1","CDCA3"
"SCARA3","EGR1","ADAMTS6","ABCC9","FCGR2B","STC1","DIAPH3"
"ABI3BP","CD248","GPX3","HIGD1B","IL1B","ARHGEF15","FOXM1"
"MGP","SRPX","RP11-536I6.2","CPE","LGMN","MEOX1","CDC20"
"PKD1","IL6","ACKR3","GJA4","STAB1","ITM2A","CD70"
"IL32","EPHX1","SLC39A14","GPR116","VAMP8","SHANK3","RAD51"
"MATN2","HES1","UGDH","PGF","CYBB","C2CD4B","HJURP"
"MXRA8","TMEM119","SERPINA1","CDH6","SPI1","GIMAP1","MAD2L1"
"IGFBP6","ID3","RCAN1","LMOD1","CCL18","PDE2A","CDCA8"
"ANGPTL7","ABCA8","IGFBP5","MYH9","CD14","FAM107A","SKA1"
"FIBIN","SERPING1","DCN","LAMA5","FPR3","DYSF","ASF1B"
"C1QTNF3","MT-ND3","MIF","GJC1","CD37","HLA-B","CENPW"
"THBS1","GADD45B","NOVA1","PDE5A","CTSZ","PRKCH","MELK"
"CA9","RASD1","MT1G","TPM1","CD68","IFI27","TK1"
"PLXDC2","KCTD12","TIMP1","AGRN","HCST","ETS2","AURKB"
"ELN","PCOLCE","LUM","OLFML2A","MS4A4A","SLC9A3R2","HMGB3"
"ADAMTS2","COL6A3","HSP90B1","RP11-332H18.4","ITGAM","ADCY4","CENPU"
"ENO1","GEM","CLEC3B","PTMA","CSF1R","FAM84B","CCNB1"
"SLN","SEPP1","TNXB","NID1","FCGR2A","TM4SF1","CDCA5"
"SSC5D","MEST","CD151","MYO1B","ACP5","SPARCL1","RACGAP1"
"POSTN","SVEP1","ALDOA","SEPT4","FTH1","DNASE1L3","HELLS"
"COL12A1","APOE","TNFRSF11B","EDNRA","MPEG1","A2M","NDC80"
"ITGA11","IGF1","CDA","ARHGEF17","MS4A7","MYCT1","KIF2C"
"CRYAB","MYC","FGF2","C11orf96","TREM2","EDN1","SMC4"
"LTBP3","ATF3","BCAT1","STOM","IFI30","ENG","HIST1H4C"
"NPC2","SPARCL1","HAS1","IFITM1","CD84","CCM2L","ATAD2"
"NRN1","CCDC80","S100A4","PTGER3","LILRB4","C4orf32","ZWINT"
"C2orf40","CCL2","UAP1","GRID1","CTSB","SEMA3F","CKAP2L"
"MARVELD1","FGF7","TMOD1","LPL","CD163","CD74","CENPA"
"EDIL3","AHR","LY6D","ANGPT2","IGSF6","SELP","RAD51AP1"
"OGN","MFAP5","RABAC1","LINC00152","S100A9","BCL6B","NAV2"
"CADM1","IFITM3","PARP16","FOXS1","MNDA","TMSB10","TUBA1B"
"CHI3L2","HSP90AA1","HSD3B7","EPAS1","OTOA","KDR","GTSE1"
"CHPF","PRSS23","PFKP","RP11-91J3.3","CD53","HLA-E","KIFC1"
"COL11A1","PDGFD","ITGB8","THY1","LAIR1","MGST2","PRR11"
"KIAA1199","CHI3L1","FABP3","C20orf27","CXCL1","LHX6","PKMYT1"
"SERTAD4-AS1","FGL2","OGN","CTB-167B5.2","NCF1","ESAM","KIF11"
"SYNPO","PTGDS","GAS1","HES4","CD83","RPS28","DEPDC1"
"SEMA3C","RARRES2","SERPINE2","CYFIP2","BCL2A1","GIMAP4","LGALS1"
"FXYD6","FBLN1","ADSSL1","ZEB2","CPVL","SOX17","NCAM1"
"COL8A2","BASP1","ANK3","CCDC102B","CXCL2","RNASE1","LMNB2"
"COL8A1","MCL1","C10orf54","CNN1","SRGN","B2M","HMGB2"
"LHFP","NPTX2","DSTN","TRPC6","CLEC7A","JAM2","RPL39L"
"RCN3","TNFAIP2","NT5E","LPP","CECR1","PLXND1","FAM83D"
"ANTXR1","MT1A","OAZ1","RASGRP2","ALDH1A1","ROBO4","KIF4A"
"THBS3","NGFR","SLC29A1","ECE1","HPGDS","NOSTRIN","CKS2"
"MAFB","IER2","PGK1","BCAM","CCL4L2","ERG","WHSC1"
"PMEPA1","DUSP1","SRPX2","PRKG1","ADORA3","LCN6.1","RP11-566E18.3"
"SCXA","SNED1","TRPV4","AOC3","RBM47","FAM167B","H2AFV"
"CLEC3A","LAMA2","SOD3","ESAM","F13A1","NPDC1","BUB1"
"ABHD2","LGALS3BP","COX7A1","ACTG2","HAVCR2","PTMA","SPC24"
"ANXA4","SPRY1","CDO1","BST2","SLCO2B1","EFNB2","TUBB"
"GPR155","ENPP2","COMP","FAM213A","LCP1","SPNS2","ZNF367"
"ITM2C","CDH11","KCNMA1","RGS16","CTSD","GIMAP5","H2AFZ"
"VEGFA","CPB1","AQP1","PDLIM1","GPX1","TSPAN18","RHEB"
"DPP4","KCNK2","GFPT2","ENPEP","PTPRC","CTB-171A8.1","CENPK"
"ANKH","SCG2","SEC11C","ID4","DOK2","GPRC5B","HMGN2"
"KIAA1715","PLTP","PGAM1","MAP1B","CCR1","ADAMTS9","C12orf75"
"TNMD","NR4A1","PRDX4","PDE1B","SYK","RPS19","SSX2IP"
"FKBP10","CEBPB","FXYD5","SEZ6L2","IRF8","GPR116","TRIP13"
"NDFIP1","OLFML3","CTGF","KCNE4","LYVE1","CCDC69","TUBA1C"
"CRISPLD2","OSR2","DLX3","TNFAIP3","EMB","MCAM","UBE2S"
"OAF","CD81","C19orf10","EBF2","RP11-290F20.3","TEK","ESCO2"
"SLC1A4","FSTL1","LEPREL1","COL5A3","C5AR1","SPINK5","ZMYND10"
"KCNMA1","CPXM2","KCNN4","LZTS1","C3AR1","LIMS2","FZR1"
"PLP2","AKAP12","GALNT15","CCL8","HCK","JAG2","SMS"
"ATP1B1","THBS2","TTC9","RPS18","CCL4L1","EXOC3L2","CKS1B"
"CERCAM","MARCKS","MRPL17","DCLK3","GRN","EPHA4","TACC3"
"CDO1","HSPA6","VIMP","HLA-B","SAT1","PLCB1","CDKN2D"
"RIN2","SMOC2","SOD1","ENTPD1","NCF2","ARL4A","TMPO"
"ERLEC1","SUSD2","REXO2","PLN","FERMT3","ACR","EMC9"
"ACPL2","MDK","SCRG1","TFPI","APOC1","CAV1","KIF20B"
"PDLIM4","MFAP4","PKM","MT-CO2","GATM","THBD","ADAM12"
"NTRK2","PPP1R15A","SORBS2","ADAMTS4","CD300A","ADAM15","MYBL2"
"PLOD1","FYN","TPI1","ARHGAP15","S100A8","NR5A2","CLSPN"
"IGFBP3","NFKBIA","SDK2","EHD2","TMSB4X","KCNN3","NUCB2"
"CDK2AP1","TWIST1","ANKH","PPP1R12B","ITGAX","IL3RA","POC1A"
"NTN1","CYGB","ENO1","LINC00924","SNX10","GPIHBP1","ARHGAP11A"
"SLC29A1","UBB","P4HA1","CHST2","C15orf48","CLEC2B","RNASEH2A"
"LOXL2","BRD2","ITPR3","PAG1","CSTB","GABRD","VIM"
NA,"ZFP36L2","SSR4","SEMA5A","LY86","PDLIM1","SKA2"
NA,"TSHZ2","PMEPA1","INPP4B","C1orf162","SEMA6A","RUVBL2"
NA,"IRF1","PTGES","RCAN2","GCHFR","KANK3","NRP2"
NA,"EPYC","RP11-456H18.2","ANO1","SDS","SHROOM4","MT2A"
NA,"GUCY1A3","NMB","B2M","RNASE6","ID1","CENPH"
NA,"CDKN1A","COX17","EGFLAM","IQGAP2","S1PR1","GAPDH"
NA,"FBN1","CRIP2","ARHGAP29","CD4","NOTCH1","CHAF1A"
NA,"C1QTNF4","IGFBP1","CHCHD10","CSTA","SNCG","ABCF1"
NA,"HP","PID1","CSRP1","PILRA","TNFAIP8L1","ECT2"
NA,"HSPH1","PRKCA","MEF2C","EVI2B","HLA-A","S100A10"
NA,"HSP90AB1","GABARAPL2","NES","KCNAB2","SH2D3C","SPAG5"
NA,"TSPAN11","FAM177A1","PDGFRB","ARRB2","VWA1","CCDC34"
NA,"GAS6","CIB1","SLC2A3","ARHGAP30","KTN1","GGH"
NA,"OLFML1","MT1F","FILIP1L","LCP2","RPS2","MYBL1"
NA,"CALD1","DLX4","LINGO1","IL10RA","CRIM1","PSMC3IP"
NA,"FRMD6","PART1","GUCY1A3","MT-CO1","CYYR1","CENPE"
NA,"ARC","KIAA0040","CYGB","B2M","MAGI1","ACTN4"
NA,"DDX5","GPR64","CCR10","GMFG","COL4A2","ALCAM"
NA,"PNRC1","C4orf48","UACA","LTC4S","EPHB4","CENPN"
NA,"PDGFRA","CD68","RCSD1","CPM","ICAM2","DCK"
NA,"THY1","PDIA6","BMP8B","CD86","FAM198B","APOLD1"
NA,"ANGPTL1","DKK3","PHLDA1","PIK3AP1","HIP1R","MAZ"
NA,"SOD2","ZNF593","NRARP","CYBA","MECOM","TIMELESS"
NA,"IFITM2","COX7A2","PLCL1","SIGLEC1","LRRC8A","DERL3"
NA,"IFI16","TMED10","ARID5B","IL10","L1CAM","CD82"
NA,"IER5L","MT1E","GUCY1B3","FPR1","HLA-DRB1","COBL"
NA,"KLF10","TSPO","ADAMTS1","NCKAP1L","PVRL2","DRAP1"
NA,"AGT","KREMEN1","EDNRB","DUSP2","FABP5","PFN1"
NA,"ZNF703","RSPO2","FABP5","CYTH4","RBP7","FHL2"
NA,"PLSCR4","TIAM2","PTRF","TBXAS1","SEMA6B","RAD21"
NA,"IFITM1","FOXO1","VCL","CTD-2337J16.1","C8orf4","CRNDE"
NA,"HMCN1","HBEGF","MT1A","RENBP","CCND1","MZT2B"
NA,"CAMK2D","MIR210HG","EPS8","MT-CO2","GMFG","NUCKS1"
NA,"SOX4","CCPG1","ADRA2A","SLC7A7","IFITM2","CCNT2-AS1"
NA,"KIAA1324L","DUSP14","ITGA3","DOCK2","HSPG2","LIPE"
NA,"CXCL2","OST4","CCL2","GPNMB","GSN","HMGB1"
NA,"ADAMTS1","ST6GAL1","ACTN4","CARD16","SPRY1","ARHGEF39"
NA,"NOTCH3","JTB","CAV1","FBP1","CYTH1","THAP10"
NA,"KHDRBS3","LYNX1","RPS2","ADAP2","NEDD9","DTYMK"
NA,"NFIB","S100A3","SYTL2","ALOX5","NUAK1","LMNA"
NA,"NCALD","SLN","RNF152","ARHGDIB","EPAS1","ARL6IP1"
NA,"COL16A1","SELM","SFTA1P","SLC11A1","PRCP","GAS2L3"
NA,"GPNMB","MT1X","ETS1","NPL","COL21A1","PHF7"
NA,"MAP1B","MGP","SPRY4","HLA-DOA","PLK2","CDCA7L"
NA,"GPC4","SEC61G","RSU1","FMNL1","LMO2","TUBB6"
NA,"PTGER4","P4HB","RPS16","TMSB10","KIAA0355","LRRCC1"
NA,"CFI","ATP1B1","TMSB10","MMP9","SPHK1","LMO4"
NA,"ARID5B","GMNN","MYC","FCGRT","CRIP2","SETD8"
NA,"BOC","EPS8L2","MYL12A","MIR155HG","FABP4","ITGB3BP"
NA,"ITM2A","GSTP1","JAG1","IL1RN","NES","DERA"
NA,"HLA-B","MALL","ARHGAP6","CXCL5","SVIP","APCDD1"
NA,"FILIP1L","ADAMTS5","SPRY2","STXBP2","LGALS9","CKB"
NA,"PTGFR","ITGB5","RPL3","DPEP2","GPR56","HMG20B"
NA,"HSPE1","PLA2G2A","NGFR","CSF2RA","COL4A1","BARD1"
NA,"ZFHX4","SLC1A5","MT-CO1","UCP2","ACVRL1","TUBB4B"
NA,"RARRES3","FNIP2","TGFB1I1","MFSD1","MAST4","SGOL2"
NA,"LINC00341","TSPAN2","HSPA1A","SEPP1","EEF1A1","BUB3"
NA,"DCLK1","RP11-572C15.6","MIR4435-1HG","CXCR4","HLA-C","HN1"
NA,"KCNQ1OT1","AKR1B1","SEPT9","LGALS9","HMOX1","AURKA"
NA,"KCNE4","TMED3","GMFG","TCN2","RASAL3","PTTG1IP"
NA,"ZFAS1","PRDX1","TIMP3","ASAH1","SCARB1","PTMA"
NA,"RUNX1","SYNPO","KCNMB1","FABP5","GDF15","HP1BP3"
NA,"CAMK2N1","LTBP3","PALLD","TNFAIP3","SCARF1","TPM4"
NA,"HEXIM1","TSC22D3","ACTB","NCF4","ST6GAL1","CDC25B"
NA,"DNAJA1","MRP63","MLTK","CORO1A","RPL32","MTFR2"
NA,"ABCC9","PCSK1N","MSRB3","CD48","LYL1","CDKN2C"
NA,"CTSK","UCP2","TLN1","SGK1","MGLL","ZWILCH"
NA,"COLEC12","NRN1","S1PR3","ADAM8","IFITM3","KIAA1462"
NA,"VGLL3","CRELD2","C1orf54","HMHA1","RPS18","COL6A1"
NA,"SNAI1","OSTC","PTK2","CAPG","RPL36A","TUBG1"
NA,"LRRC32","SLC16A3","ZFP36L1","CCL2","CPLX1","DEK"
NA,"MMP14","RPLP0","PTPRG","PSAP","ECE1","CTNNAL1"
NA,"HLA-E","GBP2","NDRG2","AP1S2","ARHGDIB","PTMS"
NA,"MGST1","BZW1","RPS19","MYO1G","DUSP6","YBX1"
NA,"ENAH","LOXL2","GPRC5C","FAM26F","AKR1C3","PIN1"
NA,"KLF5","SULF1","SEPT7","PLIN2","PKP4","GLTP"
NA,"LAMB1","RAPH1","APOC1","FYB","TCF4","SLC35E4"
NA,"PDE5A","FAM162A","MT-CO3","SLC43A2","HLA-F","YIF1B"
NA,"ADD3","ERRFI1","TPM4","MRC1L1","NLRC5","COX8A"
NA,"EEA1","TMCO3","MAP9","KCNQ1","IGFBP7","PAQR4"
NA,"ZC3H12A","TMEM208","FBLIM1","AMICA1","ARHGAP29","ITGA5"
NA,"APOL6","VDAC1","PRR24","CCRL2","MYL12A","RNF145"
NA,"PDGFRL","C2orf40","EFHD1","FAM49B","SYNE2","PLP2"
NA,"RND3","IVNS1ABP","RPS7","RNASET2","SERPINE1","EIF5A"
NA,"TMEM176A","AMFR","RPS28","NLRP3","CDH13","EZH2"
NA,"KLF4","CXCL14","TNS1","ST14","CNTNAP3B","ALYREF"
NA,"PKDCC",NA,"HSP90AB1","MERTK","MARCKSL1","ENO1"
NA,"LDLR",NA,"GLRX5","ARHGAP4","SH2B3","CENPJ"
NA,"HSPA8",NA,"OLFML2B","ACTB","CD320","DHX8"
NA,"CCNL1",NA,"ARID5A","ATP6V0B","HHEX","C20orf24"
NA,"TMEM176B",NA,"TLE1","FAM105A","LRRC8B","TMEM209"
NA,"MIDN",NA,"ADAP2","MYO7A","AGRN","ANP32B"
NA,"GPBP1",NA,"GRK5","PLCB2","TNFAIP3","LSM4"
NA,"PRRX1",NA,"CRIM1","MARCH1","KLF2","MYO1C"
NA,"CYBRD1",NA,"CTD-2536I1.1","WAS","COL18A1","CRIP2"
NA,"NOV",NA,"RPS15","MYO1F","IGFL2","SAC3D1"
NA,"RUNX1T1",NA,"RPS8","OLR1","SLC44A2","CALM1"
NA,"KLHL21",NA,"IFI16","LILRB2","RPL34","TNFRSF12A"
NA,"EGR3",NA,"DACT1","APOBR","TPM3","VCAM1"
NA,"TUBB4B",NA,"SLCO3A1","TXNIP","IPO11","YWHAH"
NA,"H2AFX",NA,"ARVCF","LYN","CDC42EP3","CD97"
NA,"ZNF106",NA,"PFDN5","TMEM176A","C19orf33","CALM2"
NA,"NRP1",NA,"ROCK1","TMEM37","HEG1","TOMM5"
NA,"LIMA1",NA,"ARHGEF25","FCER1A","CASP10","TPM3"
NA,"PALM",NA,"LGALS3BP","S100A11","AFAP1L1","RCCD1"
NA,"SMOC1",NA,"CPM","SPINT2","SYT1","PSENEN"
NA,"SGCE",NA,"HLA-C","TMEM176B","FKBP1A","REEP4"
NA,"SFPQ",NA,"SLC7A2","OAZ1","RASSF3","TAF9"
NA,"CSRNP1",NA,"ANKRD29","DUSP6","SLC2A3","SPDL1"
NA,"PABPC1",NA,"SLC25A5","ALDH2","CCDC85B","NCAPD3"
NA,"TUBB2B",NA,"AMOTL2","GPSM3","MGAT4A","AXL"
NA,"CRISPLD1",NA,"HLA-F","PLAUR","ETS1","ANP32E"
NA,"ID2",NA,"RPS13","KLF6","GRASP","KPNA2"
NA,"EIF4A1",NA,"ITGB1","HCLS1","VAMP5","RHOC"
NA,"RP11-47A8.5",NA,"LGALS1","AP1B1","SPTBN1","CALU"
NA,"CTSH",NA,"ADIRF","SLC15A3","MALAT1","HNRNPUL2"
NA,"NR2F2",NA,"FLNA","ETS2","RAPGEF3","ACTB"
NA,"GNG12",NA,"RASL12","EMILIN2","LUZP1","POLD2"
NA,"PDK4",NA,"DLC1","CDCP1","LFNG","POSTN"
NA,"ID4",NA,"ROCK2","LRRC25","CLIC2","AGPAT5"
NA,"MYCBP2",NA,"SLC25A25","FGR","RPS8","HMGN1"
NA,"MTRNR2L2",NA,"RBPMS","TAGAP","MTUS1","GLRX2"
NA,"WSB1",NA,"HEY1","NUDT14","SSH1","SPRTN"
NA,"CELF2",NA,"HSPA1B","TRAF1","TGFBR2","DNAJC1"
NA,"CHD1",NA,"EIF4A1","DAPK1","HECW2","SMUG1"
NA,"CIRBP",NA,"RPL36A","BLVRB","RASGRF2","RAN"
NA,"TRIM8",NA,"C5orf24","SDCBP","ICAM1","TAGLN2"
NA,"CTSO",NA,"ATF3","CFLAR","RHOJ","OLFM1"
NA,"SCPEP1",NA,"IFITM3","RAC2","BST2","ARL4A"
NA,"PPAP2B",NA,"MYL6","CXCL16","RPS12","ETV2"
NA,"PCF11",NA,"IFITM2","NPC2","LDLR","ORC6"
NA,"ZFAND5",NA,"RPL18","MPP1","PLEKHG1","TRIM7"
NA,"SEPT11",NA,"PPP1R15A","VMO1","CARD16","VDAC3"
NA,"RBBP6",NA,"CAV2","ATP5E","PCDH12","INHBB"
NA,"TCF7L2",NA,"EPHX1","CLEC2B","ARAP3","SLC16A3"
NA,"TNRC6C",NA,"ASAP1","SELPLG","ABI3","BCL7C"
NA,"LAMA4",NA,"FAT1","GPR34","AQP1","MYH10"
NA,"DDX17",NA,"YBX1","DAB2","RPS21","DBF4"
NA,"VASN",NA,"PDE1A","IER3","YPEL2","MED10"
NA,"DDX3X",NA,"TMEM176A","FCGBP","RPS6","SOGA1"
NA,"CPQ",NA,"UBA2","PYCARD","TSPAN14","MLIP"
NA,"PLSCR1",NA,"DOCK10","GLIPR1","RAPGEF4","TLN2"
NA,"MID1IP1",NA,"TMEM176B","PTPN6","PDGFB","BANF1"
NA,"FHL1",NA,"SOCS3","LIPA","C10orf128","CDCA4"
NA,"AFF4",NA,"ZYX","RASGEF1B","ACTN4","CCT5"
NA,"VMP1",NA,"KLF6","COTL1","PIM3","LOXL2"
NA,"HSPD1",NA,"LAMC1","CTSH","RPS13","HPS4"
NA,"TIPARP",NA,"RPS5","CSF2RB","PRKD2","APLN"
NA,"PPP1R15B",NA,"TENC1","FUCA1","PCDH1","EBNA1BP2"
NA,"ZNF503",NA,"RPL10A","PLA2G15","KIAA1211L","SEPT10"
NA,"EGR2",NA,"SEPW1","LINC01094","IL33","NUBP2"
NA,"PPAP2A",NA,"ADAMTS12","HLA-B","MCTP1","ARL2"
NA,"MAFF",NA,"SORBS3","PRSS36","RPL26","CFL1"
NA,"SNAI2",NA,"GGT5","BST2","SWAP70","SMC1A"
NA,"SERTAD1",NA,"MYOF","GLRX","F2R","CAST"
NA,"EMILIN1",NA,"HSP90AA1","LY96","MALL","CBX1"
NA,"SFRP4",NA,"MAP2K1","SCD","NPR1","PRPSAP1"
NA,"CTSF",NA,"OAZ2","NUPR1","SNHG7","IMPDH1"
NA,"MAT2A",NA,"CCND1","PTK2B","MANSC1","UBE2V2"
NA,"OLFML2B",NA,"ATP5G2","CD52","COL15A1","WDR76"
NA,"SVIL",NA,"CBL","INPP5D","MT-CO2","DNAJB5"
NA,"RPL22L1",NA,"SELENBP1","TNFAIP2","SHE","DBI"
NA,"HSPB8",NA,"DMPK","NR4A2","SRP14","HINT1"
NA,"PTN",NA,"SLC25A6","SLC12A7","LRRFIP1","IPO4"
NA,"APP",NA,"HES1","CREG1","APOLD1","CLIC1"
NA,"GPRC5A",NA,"KAZN","PLAU","NRGN","SLC20A1"
NA,"FAM46A",NA,"TEX41","GRB2","SFMBT2","RAC1"
NA,"BAG3",NA,"LRRC32","BRI3","OLFML2A","HIRIP3"
NA,"SRSF3",NA,"ANXA6","PLBD1","C1orf54","CSF1"
NA,"KDM6B",NA,"KANK2","SAMHD1","TRIB1","TMEM107"
NA,"TMEM173",NA,"UTRN","STX11","RASA4","SUN2"
NA,"IFRD1",NA,"BCL2L1","TRMT1","ELK3","NCAPH2"
NA,"ABL2",NA,"RPL29","ME1","RPS15A","UCP2"
NA,"MEG3",NA,"HNRNPA1","G0S2","PALMD","RP11-307B6.3"
NA,"RRAD",NA,"PRRX1","RAB11FIP1","ARHGEF3","CRAT"
NA,NA,NA,"KIRREL","PTAFR","FAM171B","MTA2"
NA,NA,NA,"DUSP5","CTSC","RND1","C7orf73"
NA,NA,NA,"KLF9","CEBPA","MMP15","SGCB"
NA,NA,NA,"HLA-A","REL","RPS3","ARRDC1"
NA,NA,NA,"DCBLD2","LYL1","RPS7","STRA13"
NA,NA,NA,"LDHB","OTUD1","GADD45A","KLHL42"
NA,NA,NA,"TSPAN14","LPXN","DUSP23","MIF"
NA,NA,NA,"PELO","RASSF4","RPS14","PGAM1"
NA,NA,NA,"RPL5","CTSL","MIDN","TIMM10"
NA,NA,NA,"SIK1","PLEKHO2","MFNG","COL6A3"
NA,NA,NA,"MPRIP","PMAIP1","JAK1","NUP93"
NA,NA,NA,"ENAH","RALGDS","NCOA7","SUPV3L1"
NA,NA,NA,"KRT8","MT-ND2","KRT18","COPG1"
NA,NA,NA,"YAP1","SQRDL","FAM43A","ABHD12"
NA,NA,NA,"YTHDC1","S100A6","NRARP","CA5B"
NA,NA,NA,"NACA","TCIRG1","RAB11A","RP11-47I22.2"
NA,NA,NA,"ADCY6","P2RX4","RPS15","PLIN3"
NA,NA,NA,"SH3BGRL","CFL1","HDAC7","RNF8"
NA,NA,NA,"CALM2","RNF130","ANGPT2","SYPL1"
NA,NA,NA,"PLEKHH3","AP2A2","RPL38","TMSB10"
NA,NA,NA,"C6orf48","PFN1","TMEM204","EMP3"
NA,NA,NA,"GPR176","RHOG","ARHGAP31","JADE1"
NA,NA,NA,"FOSL2","TSTD1","CARD8","RP11-798M19.6"
NA,NA,NA,"PLXND1","NRROS","KLF6","MZT2A"
NA,NA,NA,"C1QTNF1","TPM3","RPS24","LYN"
NA,NA,NA,"SPTBN1","TNFAIP8","CLIC3","AFG3L2"
NA,NA,NA,"ATP5O","NFKBIA","MSN","COQ2"
NA,NA,NA,"NCK2","SH2B3","MYH9","PSMD7"
NA,NA,NA,"NR4A1","SYNGR2","SH3BP4","DCAF15"
NA,NA,NA,"COX4I1","B3GNT5","MKL2","PAK2"
NA,NA,NA,"RPL23","DBI","LPHN2","MTHFD2"
NA,NA,NA,"FAM117A","MTSS1","NOTCH4","ERLIN1"
NA,NA,NA,"ZNF703","HVCN1","ARHGAP23","TFB1M"
NA,NA,NA,"PLXDC1","GLUL","SYNGR2","SH3GLB1"
NA,NA,NA,"ANKRD50","LPAR6","KIAA1462","COX20"
NA,NA,NA,"CAPN2","USF2","EHD4","KIAA1524"
NA,NA,NA,"ADCY3","LINC00309","STOM","AP3S1"
NA,NA,NA,"RBM39","MT-ND4","FILIP1","SNRPG"
NA,NA,NA,"CBX3","MT-CO3","SEPW1","CCDC74A"
NA,NA,NA,"REST","NEAT1","PNP","EBP"
NA,NA,NA,"HSPB1","PLD3","TINAGL1","DIAPH2"
NA,NA,NA,"TKT","F11R","INPP5D","TP53I13"
NA,NA,NA,"PHLDA2","HMGA1","HEY1","KIF5B"
NA,NA,NA,"CHD4","MAFB","CNKSR3","UBAC1"
NA,NA,NA,"CD248","ARHGAP18","PIK3R3","PPDPF"
NA,NA,NA,"ZFP36","TALDO1","CMIP","RANBP1"
NA,NA,NA,"THBS1","ATP6V1B2","HSPA12B","WDFY1"
NA,NA,NA,"SHOC2","CAP1","PCDH17","CRIP1"
NA,NA,NA,"TAF11","PDXK","RPS16","RFC2"
NA,NA,NA,"LGALSL","SOD2","BCR","ANAPC11"
NA,NA,NA,"LAMA4","FABP3","MT-CO1","CEP70"
NA,NA,NA,"SPEN","ATP6V1F","SLC25A25","FITM2"
NA,NA,NA,"SYNM","NEU1","FLNB","EVA1A"
NA,NA,NA,"ATN1","CYFIP1","RDX","NGEF"
NA,NA,NA,"SNHG15","HEXB","CADPS2","MNS1"
NA,NA,NA,"TAPBP","SLC43A3","HSPB1","ITGB1"
NA,NA,NA,"NEO1","M6PR","SLC6A6","GLRX3"
NA,NA,NA,"RAP1B","TFRC","STIM2","ICMT"
NA,NA,NA,"LIX1L","IGSF21","TNFSF10","LSM5"
NA,NA,NA,"BTF3","PRDM1","PLAT","ARPC1B"
NA,NA,NA,"NFIL3","ATP6V0A1","FBXW7","UBE4A"
NA,NA,NA,"SH3KBP1","ATP6V0D1","ADM5","FDPS"
NA,NA,NA,"TUBA1B","ARPC1B","APLN","KDELC2"
NA,NA,NA,"CHMP3","SIRPA","TRIM25","BOLA3"
NA,NA,NA,"HNRNPA3","POU2F2","TXNIP","RCC2"
NA,NA,NA,"MIDN","MAF","MAP3K11","ANAPC15"
NA,NA,NA,"RARRES2","GAS2L3","NDUFA7.1","CAPG"
NA,NA,NA,"PPP1R12A","RP11-386I14.4","RCAN2","PGP"
NA,NA,NA,"GTF2I","MT-ND5","BMPR2","C8orf88"
NA,NA,NA,"DDX18","DRAM1","GNAI2","TPBG"
NA,NA,NA,"EP300","TYMP","RPS6KA2","UBE3A"
NA,NA,NA,"MRPL32","DUSP23","CCND3","DOK5"
NA,NA,NA,"GNB1","ZYX","RPS9","PKN3"
NA,NA,NA,"F2R","H2AFY","RALGAPA2","AGPAT2"
NA,NA,NA,"PCM1","PRKCD","CPNE2","LRFN4"
NA,NA,NA,"PRKCDBP","HNMT","STMN1","ZNF226"
NA,NA,NA,"TAX1BP1","BID","PSMB9","SH3BGRL3"
NA,NA,NA,"PLK2","ALCAM","ENTPD1","MAST2"
NA,NA,NA,"RBM25","MGAT4A","SEPT9","MLTK"
NA,NA,NA,"ZCCHC14","TNFRSF14","SSFA2","ARFGAP3"
NA,NA,NA,"NR4A3","IDI1","CASKIN2","MYL12A"
NA,NA,NA,"TUBA1C","ACSL1","TBC1D9","TMEM106C"
NA,NA,NA,"SMTN","EIF4E","GIT1","ZNF587"
NA,NA,NA,"CYR61","RIN3","TNFRSF10D","ST3GAL3"
NA,NA,NA,"PDGFA","CALM3","CFL1","S100A16"
NA,NA,NA,"HSPD1","INSIG1","ZMIZ1","GSPT1"
NA,NA,NA,"DDX21","PTGS1","NDUFA8","CCDC85B"
NA,NA,NA,"SOX4","RCSD1","BTN3A3","PRKCDBP"
NA,NA,NA,"NPM3","PLEKHO1","TSPAN9","KCNAB2"
NA,NA,NA,"U2SURP","TRPV2","UBXN1","PPP4C"
NA,NA,NA,"MAPRE1","APLP2","HYAL2","CAP1"
NA,NA,NA,"PVRL2","TFPT","EPHA2","C19orf52"
NA,NA,NA,"MAP1LC3A","CDC42","ARRDC1","EFHD2"
NA,NA,NA,"RNF145","GRAMD4","LAMB1","MAPK9"
NA,NA,NA,"RDX","TPP1","HES1","RCAN1"
NA,NA,NA,"SF1","LFNG","LPAR6","BTBD6"
NA,NA,NA,"MTUS1","ACTR3","ARRB1","HNRNPA2B1"
NA,NA,NA,"EIF3K","EMP3","PPM1F","NFIC"
NA,NA,NA,"GLIPR2","APMAP","RPL15","TXN"
NA,NA,NA,"ATP5C1","MT-CYB","TECPR1","ATAD3A"
NA,NA,NA,"PABPC4","FUOM","RPL11","ASCC1"
NA,NA,NA,"PDLIM2","PPP1R15A","RPL18A","PHF20L1"
NA,NA,NA,"HDAC5","NINJ1","LPCAT4","H2AFX"
NA,NA,NA,"BAZ1A","DUSP1","YBX1","HYAL2"
NA,NA,NA,"NCOR1","IRAK2","RB1CC1","PSIP1"
NA,NA,NA,"ASXL1","SLC6A6","MEF2C","APITD1"
NA,NA,NA,"SEPHS2","UNC93B1","SDCBP","KCTD9"
NA,NA,NA,"DAZAP1","FGL2","PTRF","EID3"
NA,NA,NA,"SNX1","S100A4","TAP2.1","PGK1"
NA,NA,NA,"CYCS","RP11-1143G9.4","ITGA5","DROSHA"
NA,NA,NA,"MAFF","MARCH9","LSMD1","GTPBP2"
NA,NA,NA,"IFIT3","DUSP10","CD59","TGFBI"
NA,NA,NA,"UBXN1","COLEC12","ARPC5L","COL15A1"
NA,NA,NA,"TCP1","UBE2F","GNAQ","CREB3"
NA,NA,NA,"KMT2E","SGTB","GNB2L1","SORT1"
NA,NA,NA,"ARHGEF12","PLEKHA2","TMEM2","PHACTR4"
NA,NA,NA,"STAT3","IQGAP1","EIF2S2","ESYT2"
NA,NA,NA,"TPR","GSTO1","ZNF462","TXNDC17"
NA,NA,NA,"CLDN5","GM2A","SDPR","PIGX"
NA,NA,NA,"PELI1","VASP","CDC37","NIPA2"
NA,NA,NA,"NAP1L1","PLEKHB2","ARPC1B","PRPF19"
NA,NA,NA,"BCAR1","HLA-A","LIMS1","SMAP1"
NA,NA,NA,"ST6GALNAC6","PSEN1","ATP11A","GSTM3"
NA,NA,NA,"TOP1","SH3BP2","COTL1","EDC3"
NA,NA,NA,"MCMBP","WWP1","IFITM1","CARHSP1"
NA,NA,NA,"EIF3J","SNX2","RP11-23P13.7","GNA11"
NA,NA,NA,"PFDN2","AKIRIN2","CYTL1","SULF1"
NA,NA,NA,"LASP1","NFE2L2","GCLM","URM1"
NA,NA,NA,"TGFB1","MIF4GD","SIK3","ARPC1A"
NA,NA,NA,"ARPP19","ARL8B","B3GNT2","KIF22"
NA,NA,NA,"SDHB","PABPC1","SYNJ2","MZF1"
NA,NA,NA,"CHSY1","RB1","LMNA","SPTLC1"
NA,NA,NA,"NBEAL1","SMS","RPL23A","SH3BP4"
NA,NA,NA,"CMTM6","GNS","PTK2B","ALMS1"
NA,NA,NA,"FXYD1","CALM2","ITGA3","MFI2"
NA,NA,NA,"EIF3A","SDC3","NAA15","ARL13B"
NA,NA,NA,"KMT2A","APOE","UTRN","AURKAIP1"
NA,NA,NA,"CAMTA1","PPIF","NEAT1","YWHAZ"
NA,NA,NA,"KHSRP","PTPN18","CPXM2","RECQL"
NA,NA,NA,NA,"AKR1A1","CFLAR","CA9"
NA,NA,NA,NA,"ADAM9","NFIB","ATG4B"
NA,NA,NA,NA,"TMBIM6","ARID5A","CKLF"
NA,NA,NA,NA,"TAGLN2","LGALS4","MTCH2"
NA,NA,NA,NA,"EHD4","GSDMD","PACS1"
NA,NA,NA,NA,"WDR26","CDKN1A","MAPRE1"
NA,NA,NA,NA,"PEPD","PXN","GPX4"
NA,NA,NA,NA,"IRAK1","RPS29","RBM18"
NA,NA,NA,NA,"MT-ND3","ZFP36L2","H2AFY"
NA,NA,NA,NA,"TTYH3","GFOD2","DOCK5"
NA,NA,NA,NA,"CTSA","RPL3","CNTROB"
NA,NA,NA,NA,"CPEB4","RPL29","NDUFAF3"
NA,NA,NA,NA,"EIF4A1","KDM6B","SRSF9"
NA,NA,NA,NA,"UBC","CRAMP1L","COMMD4"
NA,NA,NA,NA,"DNMT1","MT-ND2","TMEM54"
NA,NA,NA,NA,"ARPC3","FMNL3","AP2M1"
NA,NA,NA,NA,"RTN3","TRIM22","NSMCE1"
NA,NA,NA,NA,"IER2","GPATCH4","GPAA1"
NA,NA,NA,NA,"NAMPT","PREX1","GNG5"
NA,NA,NA,NA,"CNDP2","PGM5","SNX14"
NA,NA,NA,NA,"TMEM70","CEP68","VKORC1"
NA,NA,NA,NA,"RGS10","BAX","FBXL6"
NA,NA,NA,NA,"ATP6AP1","ANKRD29","LANCL2"
NA,NA,NA,NA,"ETV3","ABLIM3","TIPRL"
NA,NA,NA,NA,"C2","NCK1","USP1"
NA,NA,NA,NA,"GAA","UPP1","PRAF2"
NA,NA,NA,NA,"PDCD10","DOCK9","IGFBP3"
NA,NA,NA,NA,"TNFSF13B","FRG1B","GFPT1"
NA,NA,NA,NA,"CEBPB","RFX7","ALG5"
NA,NA,NA,NA,"LPCAT2","LAMA5","HNRNPR"
NA,NA,NA,NA,"CYTH1","DLL1","CLEC11A"
NA,NA,NA,NA,"NAPA","RPS5","MGAT2"
NA,NA,NA,NA,"CYCS","DNAJA1","SPAG9"
NA,NA,NA,NA,"HSD17B14","TTLL5","C14orf166"
NA,NA,NA,NA,"ACTR2","TP53I11","MCM3"
NA,NA,NA,NA,"PREX1","RPLP2","MON1B"
NA,NA,NA,NA,"CCDC88A","RNF138","CENPB"
NA,NA,NA,NA,"NFKB1","TAGLN2","ATE1"
NA,NA,NA,NA,"HMOX1","RPL18","C7orf49"
NA,NA,NA,NA,"PRDX1","PARVB","TBPL1"
NA,NA,NA,NA,"NCOA4","RPL27","SHMT2"
NA,NA,NA,NA,"MAMDC2","NEURL1B","MRPS5"
NA,NA,NA,NA,"MT-ND4L","KCTD15","DIAPH1"
NA,NA,NA,NA,"LINC00936","PPTC7","HYOU1"
NA,NA,NA,NA,"CCL8","SPP1","TCERG1"
NA,NA,NA,NA,"SNX8","ADRBK1","AIMP2"
NA,NA,NA,NA,"SLC3A2","PTPRN2","MTHFD1L"
NA,NA,NA,NA,"BAX","SAV1","PDCL3"
NA,NA,NA,NA,"GGA2","ADIRF","CMC2"
NA,NA,NA,NA,"PAK1","DDIT4","NXPH4"
NA,NA,NA,NA,"RAB5C","IFI6","GLT8D1"
NA,NA,NA,NA,"PPT1","NDST1","CNIH3"
NA,NA,NA,NA,"GPR137B","PSME2","U2AF1"
NA,NA,NA,NA,"ARID3A","SLFN5","ALKBH4"
NA,NA,NA,NA,"SOAT1","CNST","PAK4"
NA,NA,NA,NA,"LITAF","RAB13","TMSB15B"
NA,NA,NA,NA,"ARL4C","ATP1B3","MYO9B"
NA,NA,NA,NA,"SWAP70","NR2F2","TCP1"
NA,NA,NA,NA,"SNHG12","C9orf142","BACE1"
NA,NA,NA,NA,"FAM96A","GRB10","FAM133B"
NA,NA,NA,NA,"ASAP1","WWTR1","LYAR"
NA,NA,NA,NA,"FAM105B","ZNF787","TPI1"
NA,NA,NA,NA,"DTNBP1","HDAC1","DYNLL1"
NA,NA,NA,NA,"RAB7A","SOCS3","BCL2L12"
NA,NA,NA,NA,"BRD2","ADAR","CDK16"
NA,NA,NA,NA,"ARC","TES","MYADM"
NA,NA,NA,NA,"ARF6","NDRG1","DCTN3"
NA,NA,NA,NA,"RNPEPL1","ZBTB7A","RRP7A"
NA,NA,NA,NA,"EVI2A","BOD1L1","ZNF598"
NA,NA,NA,NA,"FRMD4B","LYPLA2","PPP1R14C"
NA,NA,NA,NA,"COX7B","BTF3","AAMDC"
NA,NA,NA,NA,"VAMP3","FGD5","CAPRIN1"
NA,NA,NA,NA,"VMA21","SLC25A5","KIAA1522"
NA,NA,NA,NA,"MAP3K11","PSMB8","DUT"
NA,NA,NA,NA,"HLA-C","WEE1","TSKU"
NA,NA,NA,NA,"FXYD5","ZDHHC12","DRAM2"
NA,NA,NA,NA,"MYO9B","SYPL1","ARFGAP2"
NA,NA,NA,NA,"ZFP36L1","BOK","XPO6"
NA,NA,NA,NA,"MAP1LC3B","KIFC3","MTX1"
NA,NA,NA,NA,"MKNK1","SNAI1","HNRNPK"
NA,NA,NA,NA,"BLVRA","VASP","LRRC23"
NA,NA,NA,NA,"LSP1","PARP14","DOCK9"
NA,NA,NA,NA,"TWF2","CCAR1","FAM111A"
NA,NA,NA,NA,"NAGK","ID3","PIAS1"
NA,NA,NA,NA,"WSB1","ASAP1","CKAP5"
NA,NA,NA,NA,"PITPNA","KMT2E","HRAS"
NA,NA,NA,NA,"PLTP","ATP11C","FAH"
NA,NA,NA,NA,"TMEM66","RRM2B","CD44"
NA,NA,NA,NA,"PI4KB","NOP10","TTL"
NA,NA,NA,NA,"ANXA2","PON2","HDGF"
NA,NA,NA,NA,"ACP2","SYF2","METRNL"
NA,NA,NA,NA,"PGD","ATP2B1","NUDT15"
NA,NA,NA,NA,"SNRPC","ODF2","UBE2O"
NA,NA,NA,NA,"YWHAH","AKAP13","UHRF2"
NA,NA,NA,NA,"ARL6IP1","CALM1","AP1S1"
NA,NA,NA,NA,"SLC35F6","SPTAN1","PKN1"
NA,NA,NA,NA,"SH3BGRL","MSX1","TRIAP1"
NA,NA,NA,NA,"AMDHD2","NRP1","SAMD9L"
NA,NA,NA,NA,"USP15","C9orf16","API5"
NA,NA,NA,NA,"SLC40A1","RHOU","GALK1"
NA,NA,NA,NA,"CITED2","CDC42BPB","ITPR3"
NA,NA,NA,NA,"CKLF","DCAF7","POLR3GL"
NA,NA,NA,NA,"PPM1M","PPIA","SLC25A1"
NA,NA,NA,NA,"HEXIM1","ARF6","ZDHHC16"
NA,NA,NA,NA,"RPS6KA4","NR1D1","FARS2"
NA,NA,NA,NA,"HSP90AA1","ZNFX1","ZC3H13"
NA,NA,NA,NA,"RALA","G3BP2","APOL1"
NA,NA,NA,NA,"CORO1C","SON","IKBKB"
NA,NA,NA,NA,"RIT1","CCDC3","SYNE2"
NA,NA,NA,NA,"GLA","SNHG8","GMNN"
NA,NA,NA,NA,"MEF2C","TNFRSF10B","RMND5A"
NA,NA,NA,NA,"PRDX3","VASH1","ACTG1"
NA,NA,NA,NA,"RP11-452F19.3","BCL3","GPSM2"
NA,NA,NA,NA,"MAP2K3","SNRPD1","UBE3C"
NA,NA,NA,NA,"RBPJ","RAB5C","MYO9A"
NA,NA,NA,NA,"NOP10","TMEM173","TFDP1"
NA,NA,NA,NA,"THBD","CDK11B","MLEC"
NA,NA,NA,NA,"VAT1","EIF5B","KRTCAP2"
NA,NA,NA,NA,"TMEM123","RGL2","MCUR1"
NA,NA,NA,NA,"MGLL","NFE2L2","MRPS15"
NA,NA,NA,NA,"C6orf62","EOGT","PDIA6"
NA,NA,NA,NA,"NUP62","PPP1R2","ABHD3"
NA,NA,NA,NA,"ABHD12","BNIP2","CDR2L"
NA,NA,NA,NA,"AMD1","CBX3","MRPL37"
NA,NA,NA,NA,"POMP","RAC1","NACC1"
NA,NA,NA,NA,"ATP5J2","C2orf76","WBP1"
NA,NA,NA,NA,"HSPA1A","ELMO1","MAGI3"
NA,NA,NA,NA,"UPP1","KIAA1671","LEO1"
NA,NA,NA,NA,"PLXND1","MPRIP","FYTTD1"
NA,NA,NA,NA,"RAB32","BAZ1A","MRPL23"
NA,NA,NA,NA,"GNG5","RAB12","RABEP1"
NA,NA,NA,NA,"CMTM6","TCEB1","RNF181"
NA,NA,NA,NA,"MAP3K8","VAPA","HSP90B1"
NA,NA,NA,NA,"SLC25A44","LDHB","ATP6V0A2"
NA,NA,NA,NA,"SMIM4","ITPR3","EZR"
NA,NA,NA,NA,"HIST2H2AA3","RNF181","DDX39A"
NA,NA,NA,NA,"PPP1R9B","GLTSCR2","PEX11B"
NA,NA,NA,NA,"DGKZ","RAPGEF1","KIAA1109"
NA,NA,NA,NA,"B3GNT7","LMCD1","SAR1A"
NA,NA,NA,NA,"CD93","HERC2","SLK"
NA,NA,NA,NA,"AP2S1","CYB5B","IKBIP"
NA,NA,NA,NA,"MGAT1","MBNL1","TIMM17B"
NA,NA,NA,NA,"MSN","MPPE1","CERS2"
NA,NA,NA,NA,"SAP18","LAPTM5","PHF19"
NA,NA,NA,NA,"SQSTM1","IFI16","FLI1"
NA,NA,NA,NA,"CAPZA1","YAF2","GLTPD1"
NA,NA,NA,NA,"KPNA4","U2AF1","SNRPA1"
NA,NA,NA,NA,"RNF13","PFN1","S100A11"
NA,NA,NA,NA,"RHOA","SERBP1","SMG9"
NA,NA,NA,NA,"SNHG8","MAPK3","RPA3"
NA,NA,NA,NA,"BOLA2B","UPF3A","PRKAR2A"
NA,NA,NA,NA,"PTGER4","DLC1","SUMO3"
NA,NA,NA,NA,"FAM65A","NIPBL","STK17A"
NA,NA,NA,NA,"ARPC5","RALGDS","IMMT"
NA,NA,NA,NA,"TKT","CDC25B","BICD2"
NA,NA,NA,NA,"PPP1R15B","SLTM","GNB2"
NA,NA,NA,NA,"LGALS3","ARGLU1","FUS"
NA,NA,NA,NA,"OSTF1","RBM22","SRPK2"
NA,NA,NA,NA,"TRA2B","FSCN1","GCSH"
NA,NA,NA,NA,"IER5","OCIAD2","CNIH1"
NA,NA,NA,NA,"ATP6AP2","ELF1","SUGP2"
NA,NA,NA,NA,"LAMP2","OLFM1","PCM1"
NA,NA,NA,NA,"LHFPL2","SEC14L1","PAPD5"
NA,NA,NA,NA,"AKAP13","SYNCRIP","TXNL4A"
NA,NA,NA,NA,"HNRNPF","CSGALNACT1","TMEM18"
NA,NA,NA,NA,"PHACTR4","PHF11","PTHLH"
NA,NA,NA,NA,"EFHD2","EIF2AK4","GUK1"
NA,NA,NA,NA,"TXN","ELOVL1","DR1"
NA,NA,NA,NA,"YWHAE","GPX1","MAD2L2"
NA,NA,NA,NA,"GNAI3","ADCK3","FAM102B"
NA,NA,NA,NA,"RAC1","PRRC2C","PRDX3"
NA,NA,NA,NA,"TRIM47","THOC2","GAMT"
NA,NA,NA,NA,"DAZAP2","DDX21","SIVA1"
NA,NA,NA,NA,"ABI1","NONO","RAB32"
NA,NA,NA,NA,"LRRFIP1","DOCK6","SMIM7"
NA,NA,NA,NA,"CCNL1","FAM129B","P4HB"
NA,NA,NA,NA,"CLTC","CAPNS1","EIF3J"
NA,NA,NA,NA,"AHR","WIZ","DNTTIP2"
NA,NA,NA,NA,"RNPEP","RPS11","MYH9"
NA,NA,NA,NA,"RALY","SNRPE","STIM2"
NA,NA,NA,NA,"ZEB2","DAAM1","ERBB2IP"
NA,NA,NA,NA,"GLIPR2","FXYD5","XPO1"
NA,NA,NA,NA,"PLXNB2","YWHAB","RP11-498C9.15"
NA,NA,NA,NA,"SLC48A1","TOP1","FAM96B"
NA,NA,NA,NA,"ATP1B3","ACTR1A","TFPI"
NA,NA,NA,NA,"ACAP2","MYL12B","SRGAP2"
NA,NA,NA,NA,"HSPA8","CPEB4","MLLT4"
NA,NA,NA,NA,"RXRA","NACA","TCEA2"
NA,NA,NA,NA,"CHMP1B","NUP62","PARP1"
NA,NA,NA,NA,"ADAM15","ITIH5","LOX"
NA,NA,NA,NA,"RNF149","AQP3","MCM4"
NA,NA,NA,NA,"LINC00998","UPF2","PRKACA"
NA,NA,NA,NA,"HEXA","HIF1A","NDUFS6"
NA,NA,NA,NA,"TNS1","ATOX1","COA4"
NA,NA,NA,NA,"NBPF15","EIF3K","TMEM50A"
NA,NA,NA,NA,"IFNGR2","VEZT","PPP2CA"
NA,NA,NA,NA,"DAAM1","SET","NRD1"
NA,NA,NA,NA,"PTPRE","TAX1BP3","GTF2A2"
NA,NA,NA,NA,"ATP6V1G1","PLEKHO1","NUDT8"
NA,NA,NA,NA,"CELF1","HUWE1","PTPLB"
NA,NA,NA,NA,"PTPRN2","DNTTIP2","MSN"
NA,NA,NA,NA,"KIF1B","GNAS","SUPT20H"
NA,NA,NA,NA,"PTGS2","PPP1R15A","SAMD9"
NA,NA,NA,NA,"DNAJC7","ANKRD13A","PACSIN3"
NA,NA,NA,NA,"HNRNPDL","RAI14","MSX1"
NA,NA,NA,NA,"ADAM17","UBE2D3","SPAG1"
NA,NA,NA,NA,"C19orf60","RP11-345J4.5","PRSS23"
NA,NA,NA,NA,"PELI1","CDC42SE1","LMAN1"
NA,NA,NA,NA,"OGFRL1","GNB2","ANKRD39"
NA,NA,NA,NA,"BCAP31","PTK2","CBX3"
NA,NA,NA,NA,"EZR","BCAP31","KPNA6"
NA,NA,NA,NA,"LSM4","SPAG9","CFDP1"
NA,NA,NA,NA,"GYPC","ABHD17A","PCNP"
NA,NA,NA,NA,"RING1","HMGB1","GAS2L1"
NA,NA,NA,NA,"EHD1","HNRNPA1","CDC42"
NA,NA,NA,NA,"CD36","MPHOSPH8","PSMA7"
NA,NA,NA,NA,"SCAND1","NAA38","SNRPD1"
NA,NA,NA,NA,"STAG2","SPEN","SLC35C1"
NA,NA,NA,NA,"ARL8A","PCBP1","HNRNPA1"
NA,NA,NA,NA,NA,"SUN1","CISD2"
NA,NA,NA,NA,NA,"KLF9","CARM1"
NA,NA,NA,NA,NA,"CYTH2","EIF4G2"
NA,NA,NA,NA,NA,"MBNL2","CTBP2"
NA,NA,NA,NA,NA,"YBX3","EXOSC8"
NA,NA,NA,NA,NA,"GNG5","KIF1C"
NA,NA,NA,NA,NA,"NSUN6","DCAF11"
NA,NA,NA,NA,NA,"YWHAH","HAPLN3"
NA,NA,NA,NA,NA,"AP1S2","TMEM218"
NA,NA,NA,NA,NA,"CHIC2","RPL36AL"
NA,NA,NA,NA,NA,"SP100","KCTD5"
NA,NA,NA,NA,NA,"TAF11","SNRPD3"
NA,NA,NA,NA,NA,"LAP3","PIEZO1"
NA,NA,NA,NA,NA,"ANKRD11","ELP5"
NA,NA,NA,NA,NA,"PLXNA2","FKBP2"
NA,NA,NA,NA,NA,"SPRY4","HSD3B7"
NA,NA,NA,NA,NA,"H3F3A","KCTD17"
NA,NA,NA,NA,NA,"POLE4","HSPB11"
NA,NA,NA,NA,NA,"TSC22D1","CRELD2"
NA,NA,NA,NA,NA,"ARL6IP1","EVL"
NA,NA,NA,NA,NA,"TJP2","FARP1"
NA,NA,NA,NA,NA,"PSMA7","STARD3"
NA,NA,NA,NA,NA,"BACE2","CEP89"
NA,NA,NA,NA,NA,"PPP1R18","MDFIC"
NA,NA,NA,NA,NA,"EGLN2","BCAP29"
NA,NA,NA,NA,NA,"TPM4","PALLD"
NA,NA,NA,NA,NA,"DYNC1LI2","PMVK"
NA,NA,NA,NA,NA,"EIF4G2","ATP6V0B"
NA,NA,NA,NA,NA,"OFD1","RNH1"
NA,NA,NA,NA,NA,"SKAP2","SMC2"
NA,NA,NA,NA,NA,"DEK","ANO6"
NA,NA,NA,NA,NA,"TNPO1","DDOST"
NA,NA,NA,NA,NA,"PSMC4","ALKBH5"
NA,NA,NA,NA,NA,"DDA1","RNF24"
NA,NA,NA,NA,NA,"MXD4","MRPL36"
NA,NA,NA,NA,NA,"SARS","EDEM1"
NA,NA,NA,NA,NA,"WASF2","PSME2"
NA,NA,NA,NA,NA,"POLR2G","ADRB2"
NA,NA,NA,NA,NA,"EIF3J","ANXA2"
NA,NA,NA,NA,NA,"FOXP1","TMEM194A"
NA,NA,NA,NA,NA,"BAZ2B","G3BP1"
NA,NA,NA,NA,NA,"CHMP1B","TERF2"
NA,NA,NA,NA,NA,"CAPRIN1","PRMT1"
NA,NA,NA,NA,NA,"NMT1","STX10"
NA,NA,NA,NA,NA,"PAN3","PTN"
NA,NA,NA,NA,NA,"SCAF11","SPAG7"
NA,NA,NA,NA,NA,"USP12","SMPD4"
NA,NA,NA,NA,NA,"PELI1","OSBPL3"
NA,NA,NA,NA,NA,"WDR45B","RGMB"
NA,NA,NA,NA,NA,"GUK1","ASNS"
NA,NA,NA,NA,NA,"FBLN2","WNT5B"
NA,NA,NA,NA,NA,"EEF1B2","TMEM123"
NA,NA,NA,NA,NA,"SRSF11","MARK2"
NA,NA,NA,NA,NA,"APP","PPP2R5D"
NA,NA,NA,NA,NA,"NXT1","MTDH"
NA,NA,NA,NA,NA,"RCAN1","RBM17"
NA,NA,NA,NA,NA,"SLC3A2","UQCC2"
NA,NA,NA,NA,NA,"ESF1","MED17"
NA,NA,NA,NA,NA,"KRT8","ANTXR2"
NA,NA,NA,NA,NA,"PDIA5","SETD3"
NA,NA,NA,NA,NA,"ICAM4","TMEM87A"
NA,NA,NA,NA,NA,"FLOT1","GBA"
NA,NA,NA,NA,NA,"ATG14","TCEB1"
NA,NA,NA,NA,NA,"CLIC1","TMEM14A"
NA,NA,NA,NA,NA,"NAA10","TMX2"
NA,NA,NA,NA,NA,"PHF14","TMEM127"
NA,NA,NA,NA,NA,"HNRNPA3","PITPNA"
NA,NA,NA,NA,NA,"BHLHE40","PPP1R12A"
NA,NA,NA,NA,NA,"RNF145","VDAC1"
NA,NA,NA,NA,NA,"WLS","MAP1B"
NA,NA,NA,NA,NA,"CTNNA1","CSE1L"
NA,NA,NA,NA,NA,"C8orf33","PTCHD3P1"
NA,NA,NA,NA,NA,"SMC3","C1QTNF2"
NA,NA,NA,NA,NA,"RASAL2","COMMD10"
NA,NA,NA,NA,NA,"MTA2","SSRP1"
NA,NA,NA,NA,NA,"METAP2","ADAM15"
NA,NA,NA,NA,NA,"TAPBP","ZBTB7A"
NA,NA,NA,NA,NA,"RN7SL1","BBIP1"
NA,NA,NA,NA,NA,"ACTN1","TMTC3"
NA,NA,NA,NA,NA,"MRPL53","UBALD2"
NA,NA,NA,NA,NA,"MRPL36","SAFB"
NA,NA,NA,NA,NA,"DDX46","PNPLA8"
NA,NA,NA,NA,NA,"GYPC","FSTL1"
NA,NA,NA,NA,NA,"MTRNR2L2","DAZAP1"
NA,NA,NA,NA,NA,"SSRP1","TRIP6"
NA,NA,NA,NA,NA,"FHOD1","GPC1"
NA,NA,NA,NA,NA,"STK17A","XRCC5"
NA,NA,NA,NA,NA,"CCDC50","TBC1D1"
NA,NA,NA,NA,NA,"SAMHD1","RALY"
NA,NA,NA,NA,NA,"ARID4A","UTP11L"
NA,NA,NA,NA,NA,"ZC3H15","TAF12"
NA,NA,NA,NA,NA,"HINT1","TBCB"
NA,NA,NA,NA,NA,"PTPRE","WRB"
NA,NA,NA,NA,NA,"SMDT1","CNIH4"
NA,NA,NA,NA,NA,"TMEM70","RRBP1"
NA,NA,NA,NA,NA,NA,"LDHA"
NA,NA,NA,NA,NA,NA,"UBN1"
NA,NA,NA,NA,NA,NA,"PCMT1"
NA,NA,NA,NA,NA,NA,"C11orf24"
NA,NA,NA,NA,NA,NA,"SIK1"
NA,NA,NA,NA,NA,NA,"NME4"
NA,NA,NA,NA,NA,NA,"LMBR1"
NA,NA,NA,NA,NA,NA,"COA1"
NA,NA,NA,NA,NA,NA,"AKIRIN2"
NA,NA,NA,NA,NA,NA,"RAB5C"
NA,NA,NA,NA,NA,NA,"RBFOX2"
NA,NA,NA,NA,NA,NA,"SETD7"
NA,NA,NA,NA,NA,NA,"MALSU1"
NA,NA,NA,NA,NA,NA,"RP11-620J15.3"
NA,NA,NA,NA,NA,NA,"KLHDC10"
NA,NA,NA,NA,NA,NA,"ZNF32"
NA,NA,NA,NA,NA,NA,"KLF6"
NA,NA,NA,NA,NA,NA,"SWI5"
NA,NA,NA,NA,NA,NA,"MRPL43"
NA,NA,NA,NA,NA,NA,"SSB"
NA,NA,NA,NA,NA,NA,"CNKSR3"
NA,NA,NA,NA,NA,NA,"KXD1"
NA,NA,NA,NA,NA,NA,"THAP8"
NA,NA,NA,NA,NA,NA,"PSMA4"
NA,NA,NA,NA,NA,NA,"HSBP1"
NA,NA,NA,NA,NA,NA,"RTF1"
NA,NA,NA,NA,NA,NA,"CCM2"
NA,NA,NA,NA,NA,NA,"ANKLE2"
NA,NA,NA,NA,NA,NA,"POLR2G"
NA,NA,NA,NA,NA,NA,"PRRC2B"
NA,NA,NA,NA,NA,NA,"KIAA1429"
NA,NA,NA,NA,NA,NA,"SSR2"
NA,NA,NA,NA,NA,NA,"CAPS"
NA,NA,NA,NA,NA,NA,"BRD4"
NA,NA,NA,NA,NA,NA,"DNMT1"
NA,NA,NA,NA,NA,NA,"SLC25A33"
NA,NA,NA,NA,NA,NA,"OAZ1"
NA,NA,NA,NA,NA,NA,"PLCB3"
NA,NA,NA,NA,NA,NA,"SYAP1"
NA,NA,NA,NA,NA,NA,"UBE2B"
NA,NA,NA,NA,NA,NA,"PAK1IP1"
NA,NA,NA,NA,NA,NA,"GPR64"
NA,NA,NA,NA,NA,NA,"HABP4"
NA,NA,NA,NA,NA,NA,"CREB3L2"
NA,NA,NA,NA,NA,NA,"ACTL6A"
NA,NA,NA,NA,NA,NA,"EIF4EBP1"
NA,NA,NA,NA,NA,NA,"PSKH1"
NA,NA,NA,NA,NA,NA,"PDLIM7"
NA,NA,NA,NA,NA,NA,"PRPF38B"
NA,NA,NA,NA,NA,NA,"MANF"
NA,NA,NA,NA,NA,NA,"FAM136A"
NA,NA,NA,NA,NA,NA,"WDR1"
NA,NA,NA,NA,NA,NA,"C11orf73"
NA,NA,NA,NA,NA,NA,"VIMP"
NA,NA,NA,NA,NA,NA,"DENR"
NA,NA,NA,NA,NA,NA,"INSR"
NA,NA,NA,NA,NA,NA,"FKBP9"
NA,NA,NA,NA,NA,NA,"NT5DC2"
NA,NA,NA,NA,NA,NA,"TMED5"
NA,NA,NA,NA,NA,NA,"RABIF"
NA,NA,NA,NA,NA,NA,"PAFAH1B2"
NA,NA,NA,NA,NA,NA,"PFKP"
NA,NA,NA,NA,NA,NA,"FAM204A"
NA,NA,NA,NA,NA,NA,"RNF5"
NA,NA,NA,NA,NA,NA,"PSMB3"
NA,NA,NA,NA,NA,NA,"RP6-109B7.3"
NA,NA,NA,NA,NA,NA,"CLIC4"
NA,NA,NA,NA,NA,NA,"CBX5"
NA,NA,NA,NA,NA,NA,"CUL4A"
NA,NA,NA,NA,NA,NA,"POLRMT"
NA,NA,NA,NA,NA,NA,"SHARPIN"
NA,NA,NA,NA,NA,NA,"KCNMA1"
NA,NA,NA,NA,NA,NA,"GPR108"
NA,NA,NA,NA,NA,NA,"ARPC2"
NA,NA,NA,NA,NA,NA,"PLEC"
NA,NA,NA,NA,NA,NA,"ISOC2"
NA,NA,NA,NA,NA,NA,"HOMER3"
NA,NA,NA,NA,NA,NA,"MVB12A"
NA,NA,NA,NA,NA,NA,"TAF11"
NA,NA,NA,NA,NA,NA,"RQCD1"
NA,NA,NA,NA,NA,NA,"UBR4"
NA,NA,NA,NA,NA,NA,"SPCS2"
NA,NA,NA,NA,NA,NA,"FAM103A1"
NA,NA,NA,NA,NA,NA,"PSMG1"
NA,NA,NA,NA,NA,NA,"PDIA4"
NA,NA,NA,NA,NA,NA,"HNRNPA0"
NA,NA,NA,NA,NA,NA,"PSMA2.1"
NA,NA,NA,NA,NA,NA,"RREB1"
NA,NA,NA,NA,NA,NA,"HNRNPH1"
NA,NA,NA,NA,NA,NA,"FGFR1OP2"
NA,NA,NA,NA,NA,NA,"NAP1L1"
NA,NA,NA,NA,NA,NA,"SF3A3"
NA,NA,NA,NA,NA,NA,"CD151"
NA,NA,NA,NA,NA,NA,"MYL12B"
NA,NA,NA,NA,NA,NA,"VPS29"
NA,NA,NA,NA,NA,NA,"STK3"
NA,NA,NA,NA,NA,NA,"NPR2"
NA,NA,NA,NA,NA,NA,"COPB1"
NA,NA,NA,NA,NA,NA,"CSPG4"
NA,NA,NA,NA,NA,NA,"MEX3A"
NA,NA,NA,NA,NA,NA,"FOXJ3"
NA,NA,NA,NA,NA,NA,"PPIG"
NA,NA,NA,NA,NA,NA,"MPST"
NA,NA,NA,NA,NA,NA,"NFKB2"
NA,NA,NA,NA,NA,NA,"ACTN1"
NA,NA,NA,NA,NA,NA,"RSRC1"
NA,NA,NA,NA,NA,NA,"SNX5"
NA,NA,NA,NA,NA,NA,"PSMD14"
NA,NA,NA,NA,NA,NA,"LRRFIP1"
NA,NA,NA,NA,NA,NA,"APOPT1"
NA,NA,NA,NA,NA,NA,"NSFL1C"
NA,NA,NA,NA,NA,NA,"NPLOC4"
NA,NA,NA,NA,NA,NA,"PRG4"
NA,NA,NA,NA,NA,NA,"ADSS"
NA,NA,NA,NA,NA,NA,"ILVBL"
NA,NA,NA,NA,NA,NA,"C5orf15"
NA,NA,NA,NA,NA,NA,"FBXW5"
NA,NA,NA,NA,NA,NA,"CDK5RAP2"
NA,NA,NA,NA,NA,NA,"MUC12"
NA,NA,NA,NA,NA,NA,"IDH3G"
NA,NA,NA,NA,NA,NA,"SYVN1"
NA,NA,NA,NA,NA,NA,"TPRKB"
NA,NA,NA,NA,NA,NA,"RBX1"
NA,NA,NA,NA,NA,NA,"PDPN"
NA,NA,NA,NA,NA,NA,"FAM3C"
NA,NA,NA,NA,NA,NA,"SERPINE1"
NA,NA,NA,NA,NA,NA,"MRPL12"
NA,NA,NA,NA,NA,NA,"SET"
NA,NA,NA,NA,NA,NA,"MLF2"
NA,NA,NA,NA,NA,NA,"NOTCH2NL"
NA,NA,NA,NA,NA,NA,"RAB35"
NA,NA,NA,NA,NA,NA,"ASAP1"
NA,NA,NA,NA,NA,NA,"ANKRD11"
NA,NA,NA,NA,NA,NA,"CDH23"
NA,NA,NA,NA,NA,NA,"PID1"
NA,NA,NA,NA,NA,NA,"TRAPPC4"
NA,NA,NA,NA,NA,NA,"ANPEP"
NA,NA,NA,NA,NA,NA,"ANKRD28"
NA,NA,NA,NA,NA,NA,"LRRC8C"
NA,NA,NA,NA,NA,NA,"NUDT1"
NA,NA,NA,NA,NA,NA,"PIGO"
NA,NA,NA,NA,NA,NA,"TMEM173"
NA,NA,NA,NA,NA,NA,"BRK1"
NA,NA,NA,NA,NA,NA,"CSRP2"
NA,NA,NA,NA,NA,NA,"TTC37"
NA,NA,NA,NA,NA,NA,"XRCC6"
NA,NA,NA,NA,NA,NA,"H3F3A"
NA,NA,NA,NA,NA,NA,"PLOD1"
NA,NA,NA,NA,NA,NA,"RBMX"
NA,NA,NA,NA,NA,NA,"MAP4K4"
